<?xml version="1.0" encoding="utf-8"?>
<!--/16467526/941697/2.50/4/3/Connector/-->
<quadcept_library>
  <setting unit="mil" />
  <textstyle name="Default" height="47.244094488189" strokewidth="7.8740157480315" charwidth="47.244094488189" />
  <textstyle name="Dimension" height="19.6850393700787" strokewidth="0" charwidth="19.6850393700787" />
  <textstyle name="H127W0635TH00762" height="50" strokewidth="3" charwidth="25" />
  <textstyle name="H15W15TH02" height="59.0551181102362" strokewidth="7.8740157480315" charwidth="59.0551181102362" />
  <padstyle name="c229.5_h153" surface="False" plated="True" isvia="False" nopaste="True" nomask="True" complex="False" holesize="60.23622047244">
    <padshape layer="TOP" shape="round" width="90.35433070866" height="90.35433070866" />
    <padshape layer="TOP_SOLDER_MASK" shape="round" width="98.228346456692" height="98.228346456692" />
    <padshape layer="INNER" shape="round" width="90.35433070866" height="90.35433070866" />
    <padshape layer="BOTTOM" shape="round" width="90.35433070866" height="90.35433070866" />
    <padshape layer="BOTTOM_SOLDER_MASK" shape="round" width="98.228346456692" height="98.228346456692" />
  </padstyle>
  <padstyle name="s229.5_h153" surface="False" plated="True" isvia="False" nopaste="True" nomask="True" complex="False" holesize="60.23622047244">
    <padshape layer="TOP" shape="square" width="90.35433070866" height="90.35433070866" />
    <padshape layer="TOP_SOLDER_MASK" shape="square" width="98.228346456692" height="98.228346456692" />
    <padshape layer="INNER" shape="square" width="90.35433070866" height="90.35433070866" />
    <padshape layer="BOTTOM" shape="square" width="90.35433070866" height="90.35433070866" />
    <padshape layer="BOTTOM_SOLDER_MASK" shape="square" width="98.228346456692" height="98.228346456692" />
  </padstyle>
  <padstyle name="c55_h110" surface="False" plated="True" isvia="False" nopaste="True" nomask="True" complex="False" holesize="43.307086614173">
    <padshape layer="TOP" shape="round" width="21.653543307086" height="21.653543307086" />
    <padshape layer="TOP_SOLDER_MASK" shape="round" width="29.527559055118" height="29.527559055118" />
    <padshape layer="INNER" shape="round" width="21.653543307086" height="21.653543307086" />
    <padshape layer="BOTTOM" shape="round" width="21.653543307086" height="21.653543307086" />
    <padshape layer="BOTTOM_SOLDER_MASK" shape="round" width="29.527559055118" height="29.527559055118" />
  </padstyle>
  <footprint name="35RAPC5CHWNSN" originx="0" originy="0" pickpointx="0" pickpointy="0">
    <pcbpin number="1" name="1" style="s229.5_h153" originx="0" originy="0" rotation="90" />
    <pcbpin number="2" name="2" style="c229.5_h153" originx="196.85039370078" originy="-330.70866141732" rotation="90" />
    <pcbpin number="3" name="3" style="c229.5_h153" originx="318.89763779527" originy="-125.9842519685" rotation="90" />
    <pcbpin number="4" name="4" style="c229.5_h153" originx="0" originy="-366.14173228346" rotation="90" />
    <pcbpin number="5" name="MH1" style="c55_h110" originx="0" originy="-188.97637795275" rotation="90" />
    <pcbpin number="6" name="MH2" style="c55_h110" originx="196.85039370078" originy="-188.97637795275" rotation="90" />
    <line layer="TOP_ASSEMBLY" originx="-114.17322834646" originy="-397.63779527559" endx="338.58267716535" endy="-397.63779527559" width="3.9370078740157" />
    <line layer="TOP_ASSEMBLY" originx="338.58267716535" originy="-397.63779527559" endx="338.58267716535" endy="3.9370078740157" width="3.9370078740157" />
    <line layer="TOP_ASSEMBLY" originx="338.58267716535" originy="3.9370078740157" endx="-114.17322834646" endy="3.9370078740157" width="3.9370078740157" />
    <line layer="TOP_ASSEMBLY" originx="-114.17322834646" originy="3.9370078740157" endx="-114.17322834646" endy="-397.63779527559" width="3.9370078740157" />
    <line layer="TOP_ASSEMBLY" originx="-212.59842519685" originy="-70.866141732283" endx="-114.17322834646" endy="-70.866141732283" width="3.9370078740157" />
    <line layer="TOP_ASSEMBLY" originx="-114.17322834646" originy="-70.866141732283" endx="-114.17322834646" endy="-307.08661417322" width="3.9370078740157" />
    <line layer="TOP_ASSEMBLY" originx="-114.17322834646" originy="-307.08661417322" endx="-212.59842519685" endy="-307.08661417322" width="3.9370078740157" />
    <line layer="TOP_ASSEMBLY" originx="-212.59842519685" originy="-307.08661417322" endx="-212.59842519685" endy="-70.866141732283" width="3.9370078740157" />
    <line layer="TOP_SILKSCREEN" originx="-212.59842519685" originy="-70.866141732283" endx="-114.17322834646" endy="-70.866141732283" width="7.8740157480314" />
    <line layer="TOP_SILKSCREEN" originx="-114.17322834646" originy="-70.866141732283" endx="-114.17322834646" endy="-307.08661417322" width="7.8740157480314" />
    <line layer="TOP_SILKSCREEN" originx="-114.17322834646" originy="-307.08661417322" endx="-212.59842519685" endy="-307.08661417322" width="7.8740157480314" />
    <line layer="TOP_SILKSCREEN" originx="-212.59842519685" originy="-307.08661417322" endx="-212.59842519685" endy="-70.866141732283" width="7.8740157480314" />
    <line layer="TOP_PLACE_BOUND" originx="-251.968503937" originy="84.566929133857" endx="403.42519685039" endy="84.566929133857" width="3.9370078740157" />
    <line layer="TOP_PLACE_BOUND" originx="403.42519685039" originy="84.566929133857" endx="403.42519685039" endy="-450.66929133858" width="3.9370078740157" />
    <line layer="TOP_PLACE_BOUND" originx="403.42519685039" originy="-450.66929133858" endx="-251.968503937" endy="-450.66929133858" width="3.9370078740157" />
    <line layer="TOP_PLACE_BOUND" originx="-251.968503937" originy="-450.66929133858" endx="-251.968503937" endy="84.566929133857" width="3.9370078740157" />
    <line layer="TOP_SILKSCREEN" originx="-55.11811023622" originy="3.9370078740157" endx="-114.17322834646" endy="3.9370078740157" width="7.8740157480314" />
    <line layer="TOP_SILKSCREEN" originx="-114.17322834646" originy="3.9370078740157" endx="-114.17322834646" endy="-397.63779527559" width="7.8740157480314" />
    <line layer="TOP_SILKSCREEN" originx="-114.17322834646" originy="-397.63779527559" endx="-55.11811023622" endy="-397.63779527559" width="7.8740157480314" />
    <line layer="TOP_SILKSCREEN" originx="55.11811023622" originy="-397.63779527559" endx="338.58267716535" endy="-397.63779527559" width="7.8740157480314" />
    <line layer="TOP_SILKSCREEN" originx="338.58267716535" originy="-397.63779527559" endx="338.58267716535" endy="-181.10236220472" width="7.8740157480314" />
    <line layer="TOP_SILKSCREEN" originx="338.58267716535" originy="-70.866141732283" endx="338.58267716535" endy="3.9370078740157" width="7.8740157480314" />
    <line layer="TOP_SILKSCREEN" originx="338.58267716535" originy="3.9370078740157" endx="55.11811023622" endy="3.9370078740157" width="7.8740157480314" />
    <line layer="TOP_SILKSCREEN" originx="0" originy="62.992125984251" endx="0" endy="62.992125984251" width="3.9370078740157" />
    <arc layer="TOP_SILKSCREEN" originx="-2.7318479936642E-15" originy="64.960629921259" startangle="-90.0" sweepangle="180.0" radius="1.9685039370078" width="3.9370078740157" />
    <line layer="TOP_SILKSCREEN" originx="0" originy="66.929133858267" endx="0" endy="66.929133858267" width="3.9370078740157" />
    <arc layer="TOP_SILKSCREEN" originx="-2.7318479936642E-15" originy="64.960629921259" startangle="90.0" sweepangle="180.0" radius="1.9685039370078" width="3.9370078740157" />
  </footprint>
  <symbol name="35RAPC5CHWNSN" originx="0" originy="0">
    <line originx="200" originy="100" endx="600" endy="100" width="0" />
    <line originx="600" originy="-200" endx="600" endy="100" width="0" />
    <line originx="600" originy="-200" endx="200" endy="-200" width="0" />
    <line originx="200" originy="100" endx="200" endy="-200" width="0" />
    <sympin number="1" originx="200" originy="0" rotation="180" length="100" width="7.8740157480315" flipped="False">
      <text name="pinname" originx="230" originy="0" style="Default" rotation="0" justify="left" flipped="False" hidden="False" data="1" />
      <text name="pindes" originx="140" originy="20" style="Default" rotation="0" justify="lowerright" flipped="False" hidden="False" data="1" />
    </sympin>
    <sympin number="2" originx="200" originy="-100" rotation="180" length="100" width="7.8740157480315" flipped="False">
      <text name="pinname" originx="230" originy="-100" style="Default" rotation="0" justify="left" flipped="False" hidden="False" data="2" />
      <text name="pindes" originx="140" originy="-80" style="Default" rotation="0" justify="lowerright" flipped="False" hidden="False" data="2" />
    </sympin>
    <sympin number="3" originx="600" originy="0" rotation="0" length="100" width="7.8740157480315" flipped="False">
      <text name="pinname" originx="570" originy="0" style="Default" rotation="0" justify="right" flipped="False" hidden="False" data="3" />
      <text name="pindes" originx="660" originy="20" style="Default" rotation="0" justify="lowerleft" flipped="False" hidden="False" data="3" />
    </sympin>
    <sympin number="4" originx="600" originy="-100" rotation="0" length="100" width="7.8740157480315" flipped="False">
      <text name="pinname" originx="570" originy="-100" style="Default" rotation="0" justify="right" flipped="False" hidden="False" data="4" />
      <text name="pindes" originx="660" originy="-80" style="Default" rotation="0" justify="lowerleft" flipped="False" hidden="False" data="4" />
    </sympin>
  </symbol>
  <component name="35RAPC5CHWNSN" designatorprefix="J" height="216.53543307086" footprint="35RAPC5CHWNSN">
    <comppin designator="1" sympin="1" pinswap="0" gateswap="0" gate="1" group="1" side="" type="Any" name="1" />
    <comppin designator="2" sympin="2" pinswap="0" gateswap="0" gate="1" group="1" side="" type="Any" name="2" />
    <comppin designator="3" sympin="3" pinswap="0" gateswap="0" gate="1" group="1" side="" type="Any" name="3" />
    <comppin designator="4" sympin="4" pinswap="0" gateswap="0" gate="1" group="1" side="" type="Any" name="4" />
    <attached_symbol gate="1" name="35RAPC5CHWNSN" />
    <pinmap designator="1" footprintpin="1" />
    <pinmap designator="2" footprintpin="2" />
    <pinmap designator="3" footprintpin="3" />
    <pinmap designator="4" footprintpin="4" />
    <text name="Datasheet" originx="0" originy="0" style="Default" rotation="0" justify="" flipped="False" hidden="True" data="https://www.switchcraft.com/assets/1/6/35RAPC5CHWNSN_CD.pdf" />
    <text name="Description" originx="0" originy="0" style="Default" rotation="0" justify="" flipped="False" hidden="True" data="Phone Connectors 3.5MM RAPC Jack, Wide Body, TRRS, No Switch" />
    <text name="Mouser Part Number" originx="0" originy="0" style="Default" rotation="0" justify="" flipped="False" hidden="True" data="502-35RAPC5CHWNSN" />
    <text name="Mouser Price/Stock" originx="0" originy="0" style="Default" rotation="0" justify="" flipped="False" hidden="True" data="https://www.mouser.co.uk/ProductDetail/Switchcraft/35RAPC5CHWNSN?qs=tlsG%2FOw5FFhDrydSbX%252BonQ%3D%3D" />
    <text name="Manufacturer_Name" originx="0" originy="0" style="Default" rotation="0" justify="" flipped="False" hidden="True" data="Switchcraft" />
    <text name="Manufacturer_Part_Number" originx="650" originy="200" style="Default" rotation="0" justify="left" flipped="False" hidden="False" data="35RAPC5CHWNSN" />
  </component>
</quadcept_library>
