LASK_time,Real LASK1 p,Real LASK2 r,Real LASK3 m,Real LASK4 i,Predicted LASK1,Predicted LASK2,Predicted LASK3,Predicted LASK4
73.02840352,5033,5004,5017,5228,5018.782333,5058.686444,4959.827571,5156.1935
73.06139851,5048,5060,4989,5216,5041.700222,5073.854833,4980.649167,5210.498833
73.2044003,5064,5052,5000,5041,5036.534286,5088.570076,4983.605452,4991.944865
73.25342488,5028,5041,5001,4976,5047.628325,5084.783563,5007.105385,4915.135627
73.29940009,5056,5069,5053,4797,5055.482806,5074.826571,5027.496738,4659.801048
73.43640137,5021,5052,5048,4245,5043.704476,5077.893976,5060.678214,4218.423095
73.43839955,5044,5077,5060,4217,5043.704476,5077.893976,5060.678214,4218.423095
73.45639992,5028,5096,5057,4121,5052.286611,5077.508889,5053.103611,4151.225833
73.47140026,5065,5069,5045,4124,5048.627762,5069.696869,5052.136365,4135.857028
73.48340631,5045,5081,5057,4057,5037.550833,5066.182583,5056.808321,4068.668206
73.53041506,5048,5036,5057,3989,5032.758,5063.4105,5066.404167,3992.734333
73.60139704,5028,5100,5049,3956,5026.061,5073.52175,5070.414722,3990.238333
73.63539982,5060,5096,5060,3913,5050.873238,5066.659167,5055.356,3926.073
73.64139962,5028,5073,5077,3948,5055.414333,5066.331667,5065.0435,3994.112325
73.65052652,5060,5052,5037,3941,5055.414333,5066.331667,5065.0435,3994.112325
73.67952561,5021,5060,5076,3912,5060.485488,5067.250548,5064.897083,3924.944357
73.74852562,5053,5109,5048,3956,5080.972107,5071.593119,5062.41719,3963.432127
73.76752663,5029,5097,5052,3945,5061.420167,5085.046214,5061.628333,3939.445667
73.7725358,5036,5096,5044,3949,5047.222833,5053.343,5052.998,3941.611833
73.79052782,5065,5064,5069,3925,5053.8925,5056.825,5056.494667,3932.374167
73.8215251,5036,5061,5076,3964,5053.386833,5084.99575,5073.8775,3938.970667
73.85652471,5048,5104,5049,3964,5048.226,5071.068667,5057.834595,3938.627405
73.87052464,5025,5025,5068,3965,5036.794714,5051.822401,5052.639798,3930.401349
73.87252522,5065,5056,5085,3964,5036.794714,5051.822401,5052.639798,3930.401349
73.88152719,5057,5088,5028,3925,5036.794714,5051.822401,5052.639798,3930.401349
73.91553831,5013,5080,5084,3964,5055.505,5080.363333,5041.302381,3970.8525
73.93452573,5040,5080,5044,3968,5039.280167,5078.213,5046.298095,3951.320083
73.97352815,5021,5049,5048,3944,5040.242833,5063.696167,5054.838833,3962.548
73.97753143,5040,5052,5052,3961,5040.242833,5063.696167,5054.838833,3962.548
73.98252606,5037,5077,5068,3969,5040.242833,5063.696167,5054.838833,3962.548
73.98752713,5073,5061,5037,3960,5040.242833,5063.696167,5054.838833,3962.548
73.99752498,5080,5044,5064,3960,5040.242833,5063.696167,5054.838833,3962.548
74.02152514,5021,5073,5069,3973,5024.390714,5059.569167,5026.070714,3983.811
74.02352548,5057,5049,5057,3968,5024.390714,5059.569167,5026.070714,3983.811
74.02652693,5061,5041,5032,3973,5024.390714,5059.569167,5026.070714,3983.811
74.03754067,5048,5060,5060,3989,5038.14623,5066.282714,5028.182476,4508.576747
74.05652547,5044,5068,5072,3996,5044.945513,5078.554167,5050.770667,3997.5475
74.0705266,5005,5032,5004,3853,5041.856095,5073.643833,5057.744583,3983.566349
74.08952498,5021,5060,5077,3997,5026.62477,5082.538504,5058.684032,3990.088921
74.14652681,5065,5093,5085,4064,5039.65256,5060.8525,5055.132976,4055.415988
74.17076159,5061,5096,5053,4108,5046.207,5071.312048,5054.680786,4101.997488
74.19485259,5056,5073,5029,4173,5034.780833,5058.7925,5058.59375,4224.2535
74.19676185,5016,5093,5036,4149,5034.780833,5058.7925,5058.59375,4224.2535
74.23376203,5069,5076,5029,4161,5036.697659,5077.238535,5032.715131,4197.536564
74.2547667,5061,5088,5064,4316,5014.240333,5085.525159,5059.693335,4328.204095
74.27276111,5025,5056,5044,4357,5038.55869,5069.806663,5039.144437,4543.308647
74.2957623,5061,5073,5049,4408,5026.038534,5069.783206,5044.126262,4487.174266
74.2997613,5029,5044,5029,4445,5036.076333,5065.6985,5048.64075,4603.653611
74.33076072,5008,5064,5068,4493,5031.400833,5049.080119,5034.499421,4588.5025
74.33176112,5053,5053,5036,4520,5031.400833,5049.080119,5034.499421,4588.5025
74.34376216,5069,5092,5044,4620,5036.509953,5057.283465,5033.258333,4739.989169
74.39097381,5064,5064,5009,4744,5047.964,5095.256905,5044.429667,4741.653004
74.39496708,5048,5105,5036,4757,5047.964,5095.256905,5044.429667,4741.653004
74.39897013,5021,5049,5060,4756,5039.40846,5067.078951,5034.529873,4704.35546
74.61310077,5016,5065,5005,5197,5030.198333,5063.6625,5001.3325,5222.9015
74.65624928,5020,5045,5009,5221,5018.337,5052.776262,4995.722917,5224.148429
74.66525292,5072,5053,5005,5217,5039.065825,5067.36519,4981.786095,5207.571398
74.76025987,5025,5092,4992,5232,5043.014845,5067.80604,4983.694108,5207.760667
74.76325846,5057,5069,4977,5189,5026.602167,5055.069294,4976.495667,5187.188667
74.76725793,5069,5097,4968,5197,5026.602167,5055.069294,4976.495667,5187.188667
74.77426052,5052,5044,4969,5216,5026.602167,5055.069294,4976.495667,5187.188667
74.79025793,5068,5085,4992,5213,5044.771984,5047.854651,4982.226238,5223.984778
74.8452599,5037,5092,5016,5200,5035.348857,5068.6305,4980.19846,5211.016944
74.84725857,5033,5080,4977,5224,5035.348857,5068.6305,4980.19846,5211.016944
74.86825776,5029,5056,4981,5193,5039.874,5077.592556,4975.639278,5215.185
74.89025736,5072,5100,4968,5204,5035.896667,5072.138333,4983.428667,5208.92
74.91325974,5017,5068,4985,5217,5032.050178,5070.637714,4980.551667,5208.882722
74.92026567,5045,5052,4973,5201,5061.990357,5046.692167,4983.483167,5180.372333
74.94825792,5069,5049,4988,5189,5032.508333,5067.642833,4983.097032,5231.80181
75.04953003,5065,5080,4965,5213,5047.617468,5087.016944,4981.325155,5213.401536
75.10624909,5076,5044,4913,5208,5031.939652,5071.295698,4945.188,5212.036133
75.112252,5041,5089,4872,5200,5044.6775,5083.805921,4924.045167,5194.942381
75.14925027,5028,5044,4828,5236,5039.973619,5070.088452,4850.553167,5211.654286
75.30224967,5036,5105,3344,5216,5046.437856,5093.838289,3016.715841,5238.63268
75.31624985,5064,5060,3049,5244,5046.437856,5093.838289,3016.715841,5238.63268
75.3182497,5068,5101,2777,5212,5046.437856,5093.838289,3016.715841,5238.63268
75.3422513,5032,5148,2573,5245,5057.310238,5092.159571,2922.830135,5259.464833
75.34825015,5037,5100,2601,5248,5058.477097,5090.759115,3025.571889,5252.198952
75.38124943,5065,5104,2601,5237,5059.711119,5109.705333,2594.967333,5252.547833
75.40725017,5041,5141,2572,5261,5043.30556,5083.676,2603.840218,5247.60156
75.41025138,5076,5140,2576,5249,5043.30556,5083.676,2603.840218,5247.60156
75.44924974,5029,5116,2612,5260,5064.748333,5102.794524,2609.230929,5244.417897
75.47224998,5049,5133,2604,5253,5043.805723,5108.24344,2598.823619,5240.192111
75.5242486,5056,5101,2608,5248,5046.02569,5119.293571,2605.23331,5249.546837
75.52925444,5068,5093,2613,5248,5045.036492,5102.848261,2695.399722,5245.694183
75.58924985,5056,5093,2636,5269,5036.0695,5126.78799,2615.016348,5233.803393
75.61090016,5073,5137,2617,5261,5052.125778,5107.796917,2711.778167,5238.2759
75.61190271,5037,5084,2636,5241,5052.125778,5107.796917,2711.778167,5238.2759
75.61290026,5025,5080,2644,5248,5052.125778,5107.796917,2711.778167,5238.2759
75.64091635,5096,5144,2656,5225,5082.806833,5117.7775,2714.793,5253.886917
75.65700316,5068,5052,2661,5112,5055.021012,5102.368179,2715.815161,5236.841976
75.67991424,5032,5080,2725,5248,5048.48,5100.693833,2714.947238,5238.303679
75.71991277,5028,5104,2713,5228,5041.573956,5102.249333,2734.919986,5243.386673
75.78191233,5061,5080,2761,5252,5039.3865,5113.086714,2745.20225,5225.033417
75.83091736,5029,5117,2772,5248,5058.831865,5102.920623,2749.498757,5244.330517
75.86477304,5048,5096,2773,5228,5027.10572,5109.863167,2782.436333,5246.31981
75.88977313,5025,5073,2737,5265,5045.951988,5094.883024,3014.637485,5222.887861
75.9647727,5068,5101,2764,5249,5047.329304,5075.946242,2767.150938,5239.371148
75.96977878,5040,5089,2821,5336,5047.329304,5075.946242,2767.150938,5239.371148
75.97077227,5060,5080,2780,5248,5047.329304,5075.946242,2767.150938,5239.371148
75.97877216,5057,5116,2760,5252,5048.996957,5094.073861,2777.989493,5241.412881
75.99077272,4977,5101,2812,5268,5055.539268,5092.726418,2798.706865,5240.967188
75.99677157,5056,5077,2789,5240,5055.539268,5092.726418,2798.706865,5240.967188
75.9987731,5065,5068,2772,5241,5055.539268,5092.726418,2798.706865,5240.967188
76.06631112,5065,5116,3373,5237,5036.702341,5096.516333,3229.431571,5220.941643
76.06733966,5009,5069,3461,5237,5049.149619,5096.285766,3172.360381,5232.365405
76.09431243,5053,5085,3884,5244,5048.416222,5095.961897,3666.239631,5231.741405
76.1039288,5072,5077,4232,5248,5048.416222,5095.961897,3666.239631,5231.741405
76.11493254,5057,5108,4337,5213,5051.438433,5074.297525,3504.169853,5230.170619
76.17827487,5033,5052,4968,5224,5034.161869,5067.149246,4985.715218,5215.945405
76.19150782,5029,5096,5028,5228,5034.161869,5067.149246,4985.715218,5215.945405
76.19550729,5068,5048,5024,5192,4937.545944,5060.495583,4942.563333,5184.720833
76.23750758,5013,5093,4985,5216,5017.933214,5057.33231,4993.151197,5209.626667
76.25062728,5025,5045,4973,5209,5021.898707,5059.955474,4983.348447,5201.722646
76.29963183,5048,5096,4965,5209,5042.452485,5064.608272,4984.823373,5209.133741
76.30163002,5057,5048,4972,5213,5042.452485,5064.608272,4984.823373,5209.133741
76.34363198,5048,5049,4980,5196,5027.557111,5067.953148,4977.124921,5209.302873
76.34824443,5064,5041,5001,5184,5043.475131,5068.148952,4983.712333,5208.064591
76.37024355,5024,5057,4973,5220,5040.831762,5079.548198,4995.839262,5210.473143
76.41324401,5064,5097,4965,5224,5042.016143,5068.07476,4985.338164,5207.385478
76.48024392,5048,5097,4980,5224,5037.482365,5067.194062,4984.264429,5200.958072
76.48224354,5040,5089,4981,5217,5041.923786,5064.922679,4984.323275,5209.97392
76.49124265,5068,5056,4993,5201,5044.392841,5060.252598,4980.803572,5205.905135
76.49324703,5048,5045,4992,5216,5044.392841,5060.252598,4980.803572,5205.905135
76.50324249,5009,5052,4985,5221,5040.828876,5063.403063,4987.134818,5205.831246
76.52824354,5040,5085,4988,5232,5027.035833,5060.9845,4992.75,5215.864167
76.53424263,5029,5084,4968,5221,5037.319571,5076.926611,4986.267667,5199.771548
76.6317718,5073,5041,4972,5209,5038.016714,5078.696214,4994.023595,5203.344318
76.69937539,5060,4933,4993,5201,5026.566941,5032.585048,4986.748468,5207.624409
76.70335984,5020,4893,4992,5224,5026.566941,5032.585048,4986.748468,5207.624409
76.73336148,5041,4864,4992,5204,5026.322548,4755.814076,5015.686397,5216.005688
76.74804616,5029,4832,5000,5216,5026.322548,4755.814076,5015.686397,5216.005688
76.74904585,5049,4785,5032,5200,5026.322548,4755.814076,5015.686397,5216.005688
76.75904775,5029,4724,5009,5213,5026.322548,4755.814076,5015.686397,5216.005688
76.76105285,5033,4729,5040,5213,5026.322548,4755.814076,5015.686397,5216.005688
76.78104639,5028,4609,5013,5225,5010.216833,4573.966667,5027.8125,5224.937667
76.81504822,5048,4464,5053,5236,5017.933524,4353.816452,5033.943742,5212.706714
76.81604815,5013,4469,5061,5213,5017.933524,4353.816452,5033.943742,5212.706714
76.81804585,5037,4397,5064,5200,5008.347833,4374.345333,5045.643929,5217.2725
76.83904648,5008,4405,5020,5217,5018.81075,4266.852714,5029.000429,5207.120333
76.86404538,5000,4309,5024,5197,5023.442452,4277.887286,5033.495262,5207.021754
76.86904669,5012,4269,5068,5204,5022.261645,4305.309167,5035.9045,5194.109495
76.88504577,5044,4244,5052,5205,5042.040452,4215.678333,5032.9815,5215.151
76.9420476,5028,4085,5049,5216,5012.680096,4090.74875,5042.15694,5209.616683
77.02662468,5004,3989,5029,5208,5017.010648,4023.405286,5029.164254,5214.945
77.02977276,5025,3944,5016,5197,5017.010648,4023.405286,5029.164254,5214.945
77.04827929,5028,4060,5008,5224,5021.16304,4068.92325,5028.330262,5211.280333
77.08628225,5036,4148,5029,5193,5020.131913,4113.326167,5030.655976,5216.311976
77.08728218,5032,4117,5064,5228,5020.131913,4113.326167,5030.655976,5216.311976
77.09528255,4949,4136,5056,5221,5031.92,4123.12619,5028.566,5210.366
77.13283253,4993,4125,5012,5200,5037.172044,4160.584722,5023.951028,5207.700726
77.14901447,5012,4180,5009,5221,5008.148667,4145.276667,5021.445333,5206.126524
77.15601325,5020,4137,5013,5200,5030.471667,4161.638333,5013.938333,5215.801667
77.16501355,4997,4172,5025,5229,5030.471667,4161.638333,5013.938333,5215.801667
77.19803119,5004,4164,5024,5208,5007.385738,4126.195452,5026.159048,5217.618905
77.21401405,5036,4189,5040,5193,5019.097508,4188.973302,5038.569937,5223.112159
77.24601531,5041,4180,5052,5229,5009.269583,4159.997143,5019.007,5209.415167
77.28074098,5016,4216,5045,5208,5019.619286,4253.756655,5019.926127,5214.01
77.31673551,4988,4241,5028,5196,5023.724287,4230.182197,5032.742819,5210.169215
77.33173704,5017,4229,5044,5181,5011.819048,4220.417873,5030.851667,5203.058333
77.34804845,5005,4257,5033,5205,5010.490429,4263.614829,5030.020204,5221.506977
77.37357926,5001,4244,5037,5220,5019.343214,4263.549667,5017.678667,5223.516361
77.37862253,5016,4261,5036,5209,5019.343214,4263.549667,5017.678667,5223.516361
77.41657662,5053,4277,5032,5196,5012.721901,4246.014112,5026.281819,5188.41585
77.4542563,5024,4257,5037,5197,5020.168583,4278.211952,5017.247095,5210.850893
77.46325517,5004,4261,5008,5217,5020.168583,4278.211952,5017.247095,5210.850893
77.52325606,5017,4436,4996,5216,5000.270758,4471.209968,5014.878517,5209.933143
77.5322547,5020,4457,5000,5213,5015.142619,4502.618,5021.80681,5225.852
77.56725526,5020,4525,5000,5197,5021.146111,4537.356667,5001.756722,5211.397722
77.57626963,5024,4541,5029,5224,5008.531159,4545.454333,5021.920762,5208.481
77.62225461,5037,4596,4992,5196,4999.234286,4612.98119,5015.985,5227.8915
77.6692555,4992,5009,4985,5228,5004.641667,4887.077028,5008.994389,5218.426667
77.77137828,5048,5001,5028,5201,5020.01696,5049.911645,4989.282777,5200.992206
77.78037667,5032,5061,4989,5228,5020.01696,5049.911645,4989.282777,5200.992206
77.78337479,5020,5020,4984,5224,5020.01696,5049.911645,4989.282777,5200.992206
77.79037523,5032,5101,4988,5220,5034.808341,5081.118595,4984.140167,5214.728643
77.8233757,5052,5053,4997,5225,5005.311492,5078.291972,4992.717944,5199.95519
77.87237597,5012,5080,4989,5209,5045.931619,5066.150746,4976.006857,5201.382
77.87637854,5076,5048,4985,5204,5045.931619,5066.150746,4976.006857,5201.382
77.88537979,5005,5089,4973,5217,5044.599405,5065.74527,4985.295337,5200.097532
77.90437508,5061,5077,4985,5217,5040.892333,5066.851667,4986.073083,5203.858833
77.92837667,5056,5096,4968,5216,5045.401143,5069.278881,4975.890452,5187.326857
77.93737626,5057,5084,4972,5189,5043.638833,5055.247833,4978.294333,5208.297227
78.05475545,5044,5045,5001,5228,5040.489,5041.5095,4963.913833,5190.9985
78.11675596,5033,5073,4981,5172,5034.333449,5063.81181,4982.494901,5203.616698
78.15275574,5049,5069,5001,5196,5026.460131,5050.042889,4979.990071,5211.600393
78.20075727,5024,5056,4892,4993,5036.951879,5064.995635,4983.808083,5206.055806
78.21475863,5016,5060,4977,5212,5020.716786,5076.611,4989.207667,5195.140238
78.21975565,4988,5001,4997,5217,5035.028202,5061.793631,4981.059979,5206.83881
78.24075747,5049,5085,4964,5204,5024.08881,5048.214107,4985.595762,5196.091
78.28176665,5041,5081,4996,5209,5028.84872,5063.772503,4986.342844,5209.804027
78.28775668,5021,5045,4964,5225,5028.84872,5063.772503,4986.342844,5209.804027
78.29175615,5049,5085,4992,5221,5028.84872,5063.772503,4986.342844,5209.804027
78.33975816,5041,5044,4965,5220,5010.31625,5072.4265,4983.858595,5195.548165
78.35475445,5001,5069,4981,5200,5017.2065,5061.443667,4989.205393,5203.074111
78.4317553,4893,5093,4969,5200,4885.920778,5053.714933,4985.191575,5212.784556
78.44775414,4841,5057,4976,5209,4759.863714,5045.961238,4967.413048,5145.122
78.4527545,4753,5049,5008,5220,4738.963833,5062.892545,4981.513561,5209.695
78.47375536,4668,5096,4993,5216,4652.203333,5072.696667,4976.145833,5203.084524
78.51076198,4557,5073,4977,5181,4582.436071,5099.856944,4997.519405,5196.6535
78.54675722,4432,5093,5001,5224,4445.006905,5087.629992,4987.878643,5217.571746
78.54775524,4384,5101,5004,5197,4445.006905,5087.629992,4987.878643,5217.571746
78.57875657,4324,5057,4993,5225,4301.897778,5081.780333,4994.127381,5218.415
78.63175488,4172,5072,4993,5192,4143.930048,5092.521,4985.039833,5199.468635
78.65675473,4089,5072,4997,5208,4124.191667,5097.287545,4994.388768,5213.246609
78.6637547,4116,5081,4992,5185,4124.191667,5097.287545,4994.388768,5213.246609
78.68175435,4073,5065,4965,5193,4038.365738,5079.449167,4986.361905,5219.054018
78.68175435,4084,5109,4993,5181,4038.365738,5079.449167,4986.361905,5219.054018
78.75975657,3964,5057,4972,5217,3946.170877,5081.06556,4998.667337,5214.744619
78.75975657,3949,5065,4973,5200,3946.170877,5081.06556,4998.667337,5214.744619
78.82875729,3884,5101,4972,5220,3900.238833,5104.1725,4989.644214,5196.661
78.83375382,3829,5053,4972,5197,3877.4555,5089.423,4988.67225,5207.49719
78.83575463,3896,5116,4973,5204,3877.4555,5089.423,4988.67225,5207.49719
78.84847927,3877,5089,4992,5197,4032.831833,5091.37927,4988.711012,5199.379889
78.85047913,3837,5100,4989,5228,4032.831833,5091.37927,4988.711012,5199.379889
78.91347957,3784,5060,4993,5213,3817.038146,5085.720175,4984.476167,5209.615571
78.96648908,3836,5104,4988,5212,3801.109635,5088.823476,4996.102063,5224.068944
78.96847987,3785,5065,4997,5213,3801.109635,5088.823476,4996.102063,5224.068944
78.97248363,3777,5076,4992,5208,3801.109635,5088.823476,4996.102063,5224.068944
78.98048067,3828,5072,4992,5208,3801.109635,5088.823476,4996.102063,5224.068944
79.11785984,3785,5100,4988,5213,3786.281152,5084.389381,4985.886275,5200.613329
79.13585877,3789,5108,4992,5229,3827.914156,5107.080972,4989.174709,5230.267614
79.15285802,3805,5117,4972,5224,3849.124352,5074.444024,4995.147341,5200.219179
79.15485835,3825,5073,5009,5204,3849.124352,5074.444024,4995.147341,5200.219179
79.16885853,3837,5065,4993,5209,3841.659167,5084.614381,4978.595,5196.311
79.23085856,3828,5096,5000,5229,3831.883508,5075.685425,4985.091496,5205.144749
79.23285866,3861,5092,4973,5181,3831.883508,5075.685425,4985.091496,5205.144749
79.26650691,3849,5065,4992,5200,3861.414724,5122.981667,4979.376655,5215.213381
79.27851272,3877,5109,4969,5208,3916.249411,5088.770242,4988.723929,5214.410905
79.30751014,3969,5065,4996,5229,4063.39325,5071.81125,4984.003583,5200.11325
79.41950631,4800,5073,4992,5229,4433.921256,5074.691962,4986.979956,5207.031067
79.55350614,4932,5036,5000,5197,4922.791507,5060.944003,4989.497474,5209.62148
79.55551291,4933,5068,4981,5240,4922.791507,5060.944003,4989.497474,5209.62148
79.57250929,4980,5085,4972,5193,5024.747652,5054.141193,4989.564452,5214.573301
79.57350898,5036,5096,4989,5213,5024.747652,5054.141193,4989.564452,5214.573301
79.58450699,5045,5052,4969,5216,5024.747652,5054.141193,4989.564452,5214.573301
79.6055088,5065,5048,4988,5193,4999.765301,5061.481675,4986.081353,5209.967313
79.61650705,4996,5096,4996,5200,5036.06,5044.330667,4968.9025,5201.928417
79.62350726,5029,5052,4997,5101,5045.314444,5053.505,4989.103889,5214.656833
79.6315074,4989,5036,4976,5193,5050.766,5083.577333,4987.280143,5211.904333
79.6365087,5024,5088,4968,5197,5037.40131,5068.921044,4981.296755,5209.318571
79.64550781,5069,5049,5001,5225,5037.187425,5066.880286,4979.931321,5207.197575
79.64752316,5053,5088,4989,5209,5043.960833,5077.370833,4979.529833,5221.074167
79.67651772,5053,5096,4984,5204,5035.184667,5077.526333,4987.029848,5211.227464
79.68050694,5025,5041,4992,5216,5035.184667,5077.526333,4987.029848,5211.227464
79.68050694,5044,5037,4964,5228,5035.184667,5077.526333,4987.029848,5211.227464
79.73051119,5072,5084,4972,5204,5032.388786,5059.11075,4986.084287,5212.329189
79.73450875,5053,5045,5000,5232,5032.388786,5059.11075,4986.084287,5212.329189
79.73950791,5064,5077,4972,5228,5032.388786,5059.11075,4986.084287,5212.329189
79.74776626,5061,5092,4985,5216,5032.388786,5059.11075,4986.084287,5212.329189
79.76074886,5024,5077,4977,5221,5045.910667,5056.745303,4981.169333,5201.035
79.78774834,5052,5104,4980,5213,5031.358429,5073.137,4989.618667,5205.200944
79.83174753,5069,5093,4961,5228,5028.211962,5064.518738,4982.743262,5203.772
79.84874701,5073,5068,4965,5208,5036.984032,5063.253119,4976.132771,5207.63682
79.85774946,5016,5085,4980,5236,5040.725952,5061.955092,4985.816328,5180.777195
79.88074732,5021,5093,4965,5193,5027.378917,5067.346144,4981.901,5204.035971
79.88174748,5072,5097,4968,5185,5031.853524,5069.346905,4980.658988,5208.215331
79.93274736,5065,5093,4976,5201,5030.215015,5068.29443,4985.001704,5222.076348
79.93774724,5013,5073,4976,5229,5030.215015,5068.29443,4985.001704,5222.076348
79.98033524,5065,5036,4964,5216,5053.83744,5085.233988,4977.138131,5205.406762
79.98533273,5021,5037,4992,5189,5048.52124,5068.278294,4980.880068,5205.098776
79.99533439,5029,5036,4992,5189,5051.762179,5036.196214,4979.9585,5197.26625
80.02233291,5057,5060,4984,5212,5039.24375,5053.342917,4981.479167,5194.042667
80.05483365,5052,4992,4993,5209,5033.00231,4962.078438,4987.92119,5209.677873
80.06283236,5016,4992,4992,5208,4994.188452,4961.556462,4979.299286,5193.983156
80.1028266,5053,4941,5013,5193,5052.0725,4957.371643,5002.198476,5202.068571
80.14782643,4997,4845,5016,5217,5013.363548,4918.788116,4983.6365,5226.06669
80.18182349,5024,4696,5041,5204,5012.508786,4703.948,5006.0875,5205.643452
80.18282342,4989,4700,5013,5213,5012.508786,4703.948,5006.0875,5205.643452
80.19882512,5024,4621,5012,5225,5004.145167,4640.857762,5008.795071,5203.575024
80.22082639,5045,4500,5013,5201,5015.999774,4480.20529,5028.753075,5223.882067
80.23982382,5053,4425,5016,5225,5017.439758,4437.913214,5029.529338,5212.078671
80.26382399,5033,4432,5053,5205,5020.743873,4247.299369,5034.457119,5216.641857
80.28782463,5053,4344,5052,5204,5013.430333,4310.360591,5030.514321,5226.456762
80.39254713,5004,4093,5052,5221,5022.015,4060.037833,5043.576,5226.428833
80.39354706,5013,4141,5064,5232,5022.015,4060.037833,5043.576,5226.428833
80.39654756,5001,4044,5041,5240,5022.015,4060.037833,5043.576,5226.428833
80.43354774,5044,4013,5036,5205,5023.879524,3959.961369,5033.722762,5229.016321
80.43556881,5012,4005,5013,5212,5023.879524,3959.961369,5033.722762,5229.016321
80.43654943,5021,3985,5049,5216,5023.879524,3959.961369,5033.722762,5229.016321
80.44454765,5045,3981,5025,5229,5023.879524,3959.961369,5033.722762,5229.016321
80.46954989,5049,3916,5040,5209,5034.203365,3908.604806,5041.749881,5205.434583
80.49454689,5013,3900,5068,5225,5036.780476,3874.382429,5041.737227,5214.861215
80.51154804,5004,3880,5057,5216,5030.365167,3872.218756,5039.944929,5219.069214
80.52256656,5008,3880,5016,5197,5013.535635,3879.45077,5031.153905,5215.32504
80.55754685,5004,3816,5053,5220,5023.232083,3819.164833,4999.979321,5170.975
80.58254695,5032,3796,5068,5205,5034.091133,3810.299429,5029.22187,5209.486391
80.60600591,4993,3808,5021,5197,5025.019731,3911.372167,5035.753571,5177.772335
80.63701439,5057,3761,5021,5200,5023.872726,3805.26119,5022.923611,5205.580405
80.63900399,5005,3765,5032,5224,5023.872726,3805.26119,5022.923611,5205.580405
80.64200282,4996,3769,5020,5193,5023.872726,3805.26119,5022.923611,5205.580405
80.66800165,4968,3768,5044,5216,5019.53925,3823.412811,5033.560111,5211.589167
80.70800138,4952,3740,5021,5212,5015.363663,3815.979001,5023.46683,4897.793808
80.70900416,5004,3861,5012,5216,5015.363663,3815.979001,5023.46683,4897.793808
80.78300309,5001,3877,5052,5185,5011.783642,3861.93059,5024.27763,5217.873314
80.78600216,4985,3864,5025,5201,5011.783642,3861.93059,5024.27763,5217.873314
80.80259871,5016,3917,5056,5188,5007.916222,3895.261698,5006.237968,5203.683103
80.81733561,5032,3989,5060,5229,5000.397528,3930.962985,5024.696,5214.840329
80.83526015,5033,4021,5036,5228,5009.9885,4060.330611,5012.834667,5176.040333
80.85726023,4993,4265,5016,5212,5016.471833,4329.888452,5010.6775,5211.487167
80.95626068,4997,5000,4984,5189,5041.233627,5045.628575,4983.591456,5223.308409
80.95626068,5036,5036,4989,5233,5041.233627,5045.628575,4983.591456,5223.308409
80.95726061,5029,5068,4996,5217,5041.233627,5045.628575,4983.591456,5223.308409
80.95827341,5037,5044,4997,5225,5041.233627,5045.628575,4983.591456,5223.308409
80.98126507,5037,5056,5013,5213,5036.972714,5056.924944,4981.099,5211.327
81.00526619,5072,5049,4953,5225,5038.560405,5060.93698,4991.13969,5216.895
81.04726481,5053,5077,5004,5201,5054.462845,5066.688405,4974.833619,5203.011155
81.09725952,5037,5045,4968,5189,5038.937667,5058.486667,4974.821,5216.929333
81.12626672,5045,5048,5009,5225,5028.190667,5066.812333,4945.885151,5208.836357
81.13726044,5029,5052,4992,5197,5026.175833,5067.1285,4991.415417,5214.460333
81.19526172,5017,5073,4957,5217,5048.841286,5073.088325,4988.10319,5209.438103
81.20026064,5065,5045,4885,5192,5048.841286,5073.088325,4988.10319,5209.438103
81.25242829,5073,5049,4988,5205,5041.417,5064.457417,4989.495218,5205.748083
81.26642847,5080,5057,4968,5232,5032.349488,5065.322655,4973.126988,5208.149698
81.2814281,5052,5100,4973,5197,5036.335274,5069.435633,4979.289333,5206.063619
81.28543043,5017,5045,4976,5208,5041.505905,5072.858476,4982.201557,5206.022667
81.2994287,5028,5044,4977,5205,5029.358308,5080.034792,4972.447976,5200.091212
81.30843019,5065,5096,5001,5208,5036.710147,5064.529523,4981.74992,5202.467768
81.31343079,5064,5057,5000,5216,5063.549333,5076.896119,4994.051444,5222.4495
81.3481679,5073,5072,4981,5193,5039.452667,5081.0525,4969.957,5212.816
81.35617161,5052,5081,5000,5213,5036.775667,5098.069417,4989.841917,5214.0105
81.42916918,5024,5097,4933,5213,5033.124667,5056.449833,4964.647833,5207.042833
81.45216799,5004,5001,4845,5140,5034.368333,5074.847571,4908.393253,5193.901667
81.45816875,5005,5100,4881,5185,5043.190833,5051.544991,4864.735893,5209.875833
81.49016762,5065,5088,4809,5224,5053.379583,5067.986667,4832.027833,5228.504643
81.50216818,5060,5105,4836,5221,5048.296659,5067.954738,4849.221381,5222.051833
81.55417013,5053,5101,4681,5072,5044.903988,5070.37175,4655.713845,5219.281976
81.56216931,5044,5053,4552,5225,5044.903988,5070.37175,4655.713845,5219.281976
81.56716752,5065,5109,4492,5213,5044.903988,5070.37175,4655.713845,5219.281976
81.59716797,5057,5064,4004,5248,5048.960833,5084.89981,3866.249167,5229.811667
81.61918259,5020,5100,3580,5221,5046.414667,5085.024,3279.239417,5240.90225
81.61918259,5072,5085,3536,5220,5046.414667,5085.024,3279.239417,5240.90225
81.66016793,5029,5080,2801,5244,5048.228095,5083.87619,2779.571405,5255.488786
81.67216802,5020,5113,2740,5260,5049.013833,5081.647857,3302.638029,5198.77475
81.68016958,5073,5081,2693,5265,5051.976536,5108.596048,2722.971036,5249.812595
81.68316817,5016,5137,2708,5232,5051.976536,5108.596048,2722.971036,5249.812595
81.69716811,5028,5089,2664,5252,5049.396333,5097.318,2666.708667,5228.302167
81.719172,5049,5133,2657,5237,5045.824833,5092.625167,2798.400833,5258.854667
81.81417441,5032,5141,2589,5261,5061.162151,5125.877607,2601.213687,5248.433341
81.81417441,5016,5164,2588,5248,5061.162151,5125.877607,2601.213687,5248.433341
81.82216811,5040,5093,2612,5245,5054.852127,5118.131528,2626.833389,5230.061667
81.84116793,5036,5141,2600,5272,5053.182278,5113.19711,2602.317667,5239.795524
81.85916781,5049,5149,2596,5248,5042.08231,5120.166286,2602.851738,5254.643964
81.88116813,5041,5149,2616,5264,5041.893536,5108.939345,2609.616667,5234.447621
81.88516784,5073,5092,2613,5240,5061.932963,5115.637119,2594.436536,5247.60914
81.909168,5029,5084,2581,5261,5040.094857,5099.696833,2598.825833,5231.9215
81.92519593,5072,5109,2589,5248,5052.874625,5111.23355,2596.506773,5234.981635
81.94618511,5036,5117,2589,5236,5002.47395,5104.626548,2611.576667,5107.52341
82.03716803,5061,5096,2585,5228,5051.625667,5109.629917,2589.547643,5244.075238
82.05616808,5080,5145,2601,5249,5050.598032,5109.507141,2599.212321,5243.819944
82.06518006,5073,5140,2624,5257,5055.66781,5109.580452,2628.142619,5229.189167
82.07816982,5028,5093,2617,5225,5055.66781,5109.580452,2628.142619,5229.189167
82.10216808,4980,5068,2580,5177,5049.460797,5106.180452,2595.227274,5238.246357
82.12817097,5072,5153,2589,5264,5046.806776,5095.898167,2624.301,5240.650187
82.19067526,5064,5116,2617,5245,5047.072335,5112.699538,2636.458866,5233.196845
82.20268273,5045,5093,2637,5236,5047.072335,5112.699538,2636.458866,5233.196845
82.22928238,5040,5112,2681,5237,5067.279286,5107.180238,2845.747,5250.602167
82.26667857,5025,5113,2732,5257,5046.825833,5086.983333,2755.945857,5237.27881
82.26767707,5064,5092,2701,5240,5046.825833,5086.983333,2755.945857,5237.27881
82.28067613,5064,5141,2689,5252,5039.370429,5070.052984,2753.7505,5241.798214
82.33168077,5028,5141,2705,5248,5043.203116,5105.971035,2706.031667,5212.324999
82.33468986,5076,5141,2700,5244,5056.02684,5091.460337,2811.745574,5243.326903
82.3483367,5065,5084,2721,5264,5043.203116,5105.971035,2706.031667,5212.324999
82.36933827,5056,5097,2708,5256,5049.951394,5084.345135,2964.53575,5241.543369
82.38583159,5052,5108,2772,5244,5069.299015,5110.883333,2845.039,5230.025024
82.39583206,5036,5073,2793,5240,5053.686397,5099.88106,2802.759306,5242.78445
82.4798336,5033,5080,4293,5241,5053.790667,5090.049012,4042.68231,5231.081798
82.48383164,5029,5068,4380,5221,5053.790667,5090.049012,4042.68231,5231.081798
82.48783183,5021,5069,4433,5209,5053.790667,5090.049012,4042.68231,5231.081798
82.64210606,5025,5052,4997,5216,5033.920422,5068.908357,4985.704,5208.77931
82.68910718,5013,5065,4969,5213,5037.998524,5044.176286,5001.695,5202.69994
82.7001071,5028,5016,4880,5273,5054.834,5071.951619,4986.029667,5206.009
82.78311133,5037,5081,4969,5216,5031.922857,5058.304048,4972.73779,5203.195563
82.82211041,5012,5108,4973,5228,5055.677286,5067.908119,4981.151959,5202.631667
82.83010769,5061,5045,4981,5229,5023.491667,5072.5695,4976.475201,5212.026143
82.93015814,5045,5100,4988,5224,5038.743461,5076.617754,4981.295445,5212.066582
82.95894456,5061,5072,4965,5217,5034.981149,5055.633988,4980.002647,5205.420571
82.98195243,5053,5057,4989,5220,5022.452345,5061.159524,4978.341857,5193.166106
82.98195243,5013,5033,4976,5213,5035.378214,5061.879846,4982.399899,5212.097619
82.98694491,5028,5060,4965,5188,5023.202119,5039.364786,4973.562643,5208.447679
82.99495459,5028,5093,4981,5221,5023.202119,5039.364786,4973.562643,5208.447679
83.05494595,5068,5053,4996,5209,5014.471833,5070.308381,4973.423167,5195.915417
83.06794739,5065,5081,4960,5196,5030.548583,5065.327381,4975.877,5204.3145
83.11694551,5052,5065,5020,5173,5024.72125,5058.805024,4972.041351,5159.33716
83.13194776,5045,5049,4981,5172,5017.299667,5083.564286,4975.031881,5172.49
83.23194432,5072,5057,4969,5076,4988.906667,5011.7275,4937.740119,5084.142833
83.25894642,5017,5057,4964,5064,5044.27,5055.437583,4979.360889,5075.828333
83.26095033,5061,5036,4980,4989,5028.163737,5059.0425,4970.028833,5010.792368
83.27595806,5037,5060,5001,5045,5020.982722,5071.085652,4996.206886,5022.575
83.2909441,5073,5064,4988,5016,5031.41683,5076.995295,5002.799942,5004.421338
83.39994502,5017,5072,5040,4716,5026.930797,5066.717179,5004.879908,4717.990389
83.4029448,5024,5093,5024,4692,5026.930797,5066.717179,5004.879908,4717.990389
83.40694571,5041,5084,5013,4693,5024.187754,5064.5665,5010.927698,4832.468403
83.44494772,5033,5069,4997,4648,5033.6265,5076.494833,5012.760556,4602.093333
83.46873784,5032,5092,5008,4605,5035.866667,5051.458,5020.868,4594.541667
83.54673982,5073,5089,4997,4589,5046.485833,5064.491444,4992.02,4551.225333
83.54774952,5032,5088,5008,4549,5046.485833,5064.491444,4992.02,4551.225333
83.55273867,5012,5060,5025,4565,5046.485833,5064.491444,4992.02,4551.225333
83.59952617,5017,5092,5005,4564,4996.867667,5077.617,4989.179,4503.164333
83.61264515,5049,5053,4997,4556,5034.4855,5068.330405,5005.137333,4606.3325
83.6505115,5065,5081,4989,4569,5043.128333,5071.299667,5014.909024,4576.815
83.72528648,5041,5096,5020,4605,5039.249476,5070.296905,5011.025071,4595.084611
83.74529004,5037,5061,5028,4588,5041.64881,5056.898786,5005.440714,4585.441667
83.79828572,5033,5072,4993,4597,5057.986254,5070.814444,5012.095,4580.416667
83.80228567,5032,5105,5001,4620,5036.25594,5071.094361,5012.2905,4591.078167
83.80528879,5041,5157,5000,4537,5041.193726,5071.489437,5007.754071,4617.7475
83.81328559,5036,5073,5017,4633,5049.879333,5074.366,5001.794667,4606.802238
83.83429861,5021,5077,4997,4612,5046.08743,5070.833833,5003.794852,5015.339381
83.90028477,5025,5049,5028,4641,5032.177778,5070.234762,4998.916,4641.589667
83.98428583,5068,5076,5016,4629,5054.297619,5094.001667,5025.607143,4660.098333
84.02130127,5061,5076,5005,4672,5040.019048,5085.061857,5002.916833,4657.161762
84.03629065,5076,5104,5013,4649,5044.196417,5075.518667,5011.13375,4654.928173
84.04128599,4992,5049,4992,4532,5035.507917,5073.624548,4995.949864,4761.616183
84.08626056,5017,5069,4981,4700,5046.44758,5071.5654,5006.710254,4699.708059
84.08819294,5065,5053,5001,4721,5046.44758,5071.5654,5006.710254,4699.708059
84.09421921,5037,5081,5001,4740,5046.44758,5071.5654,5006.710254,4699.708059
84.13269448,5024,5073,4992,4869,5037.081,5071.205258,5002.344567,4846.827738
84.15069413,5048,5084,5005,4889,5042.219992,5079.126857,4998.511667,4864.451111
84.18069434,5073,5048,5001,4993,5044.931667,5079.968167,4987.507476,5015.583167
84.21369839,5005,5080,4977,5076,5056.789786,5083.147548,4973.937667,5082.642333
84.26170015,5069,5081,4993,5173,5052.113048,5074.752143,4977.741762,5153.237619
84.32869673,5064,5044,4992,5225,5036.4325,5052.991,4970.9715,5204.61481
84.35969496,5037,5093,4964,5237,5052.050667,5086.496,4971.229833,5231.8145
84.36569381,5013,5085,4981,5221,5045.843377,5066.501838,4974.862333,5222.24871
84.39869475,5049,5060,5000,5244,5051.2705,5061.698667,4967.639167,5258.853333
84.43069482,5045,5057,4973,5224,5061.156786,5072.236841,4971.664817,5223.954651
84.48869491,5060,5080,4968,5221,5017.37861,5076.861012,4971.968486,5225.842539
84.49369597,5061,5084,4992,5196,5017.37861,5076.861012,4971.968486,5225.842539
84.51735473,5017,5065,4964,5201,5026.259,5046.222667,4989.117,5206.834
84.52735662,5069,5049,4992,5216,5026.823571,5055.43875,4989.665556,5218.511595
84.56095099,5061,5045,4965,5212,5046.99069,5065.430167,4981.506687,5214.211329
84.56895375,5072,5049,4968,5164,5031.415952,5055.254857,4982.280952,5224.762119
84.58595204,5053,5077,4972,5228,5047.348429,5053.681631,4978.742429,5195.700429
84.63158584,5016,5057,4969,5164,5046.189667,5076.027,4988.394413,5187.525397
84.69936419,5061,5084,4976,5220,5040.898381,5067.463619,4981.353667,5213.459712
84.71736479,5028,5045,4964,5220,5045.417214,5070.679937,4981.911,5216.765548
84.74736309,5056,5041,4965,5193,5040.637167,5072.927,4978.123333,5223.885119
84.75336409,5061,5096,4973,5216,5040.637167,5072.927,4978.123333,5223.885119
84.76636314,5017,5057,4952,5204,5051.6725,5069.320056,4991.820333,5222.91575
84.77536631,5040,5085,4952,5209,5060.625256,5080.525,4977.874,5225.948833
84.84489608,5032,5044,4957,5193,5045.358226,5069.675,4975.330536,5205.692381
84.86961365,5033,5065,4989,5232,5029.538264,5084.123917,4971.659611,5220.319167
84.88361478,5065,5097,4964,5208,5039.390621,5073.976583,4974.992667,5217.008536
84.95061326,5048,5053,4993,5185,5030.716445,5063.882755,4983.2955,5215.40049
84.96061516,5021,5084,4985,5204,5031.237422,5059.641888,4979.897642,5213.882403
84.97966838,5060,5060,4969,5197,5026.918667,5051.457185,4985.582482,5204.423131
84.98061538,5020,5044,4992,5232,5021.171516,5060.681361,4956.321574,5214.483135
85.05561352,5028,5105,4993,5188,5044.731098,5071.376487,4954.976739,5220.924193
85.06834149,5020,5076,4937,5217,5044.731098,5071.376487,4954.976739,5220.924193
85.10934138,5032,5053,4901,5201,5059.234786,5078.128929,4862.067286,5233.526524
85.11334109,5041,5045,4892,5232,5059.234786,5078.128929,4862.067286,5233.526524
85.16434884,5024,5105,4880,5197,5053.572187,5081.445468,4793.088363,5214.649319
85.16834068,5057,5061,4833,5237,5053.572187,5081.445468,4793.088363,5214.649319
85.16934037,5049,5089,4801,5225,5053.572187,5081.445468,4793.088363,5214.649319
85.18834281,5052,5081,4661,5200,5054.382697,5078.572536,4251.281754,5231.697151
85.20034409,5060,5109,4517,5221,5050.619286,5078.822595,4294.745833,5225.30319
85.20335603,5037,5072,4437,5233,5019.597654,5084.53596,4231.854612,5230.829984
85.21534014,5060,5104,4372,5225,5040.326,5088.565098,4155.457167,5232.173958
85.22035027,5052,5097,4236,5237,5040.326,5088.565098,4155.457167,5232.173958
85.24534464,5068,5097,4005,5248,5046.736421,5083.685238,3871.897929,5207.068405
85.32334042,5069,5072,3841,5257,5050.840812,5088.692171,3396.059754,5241.48885
85.3253417,5029,5084,3573,5233,5050.840812,5088.692171,3396.059754,5241.48885
85.33234525,5028,5081,3133,5237,5050.840812,5088.692171,3396.059754,5241.48885
85.35534072,5029,5089,2829,5256,5058.72321,5070.442244,2857.161444,5236.039006
85.36135244,5057,5112,2760,5236,5059.587333,5092.661952,2760.738286,5243.690571
85.42137766,5032,5148,2705,5269,5055.369197,5086.080293,2719.14364,5248.835132
85.48437715,5085,5097,2701,5257,5036.60977,5094.485042,2693.722083,5241.252667
85.48937893,5061,5117,2736,5248,5036.60977,5094.485042,2693.722083,5241.252667
85.55337715,5036,5061,2732,5248,5045.240405,5083.05581,2838.984333,5249.191389
85.57437992,5068,5097,2724,5249,5048.874485,5094.887578,2760.984389,5248.212892
85.59237695,5049,5108,2720,5248,5038.760651,5126.633,2742.883996,5245.12571
85.60137725,5029,5096,2708,5248,5038.760651,5126.633,2742.883996,5245.12571
85.60137725,5028,5144,2712,5269,5038.760651,5126.633,2742.883996,5245.12571
85.65537691,5033,5116,2721,5264,5053.944528,5102.16592,2708.555524,5240.781948
85.66637731,5024,5076,2720,5273,5053.944528,5102.16592,2708.555524,5240.781948
85.69037724,5081,5141,2748,5244,5053.853143,5102.355429,2819.557929,5249.101667
85.79838133,5033,5108,2753,5237,5049.964597,5116.630488,2738.232896,5250.270691
85.80037928,5045,5085,2745,5272,5049.964597,5116.630488,2738.232896,5250.270691
85.80237913,5033,5065,2761,5248,5049.964597,5116.630488,2738.232896,5250.270691
85.80337882,5044,5109,2749,5269,5049.964597,5116.630488,2738.232896,5250.270691
85.82337737,5068,5097,2776,5253,5034.34654,5097.227688,2757.846339,5247.267845
85.83337736,5053,5137,2768,5224,5034.34654,5097.227688,2757.846339,5247.267845
85.87438631,5049,5117,2744,5260,5044.18604,5102.666262,2838.474167,5240.147667
85.91437793,5036,5097,2772,5217,5061.115571,5100.893567,2761.538762,5250.215317
85.9663775,5036,5141,3009,5257,5059.855,5103.681278,2930.307083,5253.401571
86.01098323,5029,5101,4041,5224,5057.134333,5085.026381,3623.300167,5247.286976
86.05198288,5029,5088,4741,5197,5050.721333,5077.514762,4706.627,5226.506889
86.05898213,5052,5049,4800,5205,5051.420397,5066.58825,4718.011222,5216.13646
86.06398129,5016,5073,4853,5228,5042.65969,5068.350333,4857.788,5136.509357
86.06798267,5061,5100,4844,5221,5042.65969,5068.350333,4857.788,5136.509357
86.07898235,5036,5073,4892,5217,5051.996548,5062.300758,4914.372071,5214.570548
86.09898186,5037,5069,4920,5224,5057.510357,5059.045056,4939.9455,5192.551381
86.12298226,5057,5084,4968,5209,5026.178333,5059.020762,4965.075825,4964.42813
86.13998389,5028,5065,4981,5213,5019.872976,5064.574929,4984.598333,5216.255167
86.15398574,5028,5096,5013,5220,5039.621803,5084.420381,5011.604333,5194.363917
86.15898967,5057,5045,4988,5229,5035.035167,5061.580667,5017.652,5202.790571
86.16798234,5033,5080,5005,5229,5035.035167,5061.580667,5017.652,5202.790571
86.19709849,5024,5053,5028,5197,5040.197,5048.788,5015.1415,5218.0955
86.22524309,5064,5029,4997,5204,5042.300476,5051.747667,4995.819833,5206.632929
86.22724485,5061,5072,5000,5192,5042.300476,5051.747667,4995.819833,5206.632929
86.23724246,5016,5049,5005,5212,5014.037167,5054.614833,5007.305556,5212.849833
86.27025127,5037,5061,4984,5189,5037.479931,5077.170049,5003.843679,5211.740288
86.28024292,5036,5081,5001,5209,5031.860333,5068.06275,5006.594167,5205.230119
86.28324246,5061,5072,4997,5193,5045.453893,5068.229417,4992.954219,5205.278482
86.31924272,5029,5053,4992,5205,5036.27681,5074.288687,5000.155345,5174.767409
86.33224225,5045,5089,5001,5201,5036.27681,5074.288687,5000.155345,5174.767409
86.3492434,5073,5088,5012,5193,5020.744595,5047.923221,4980.99279,5195.022948
86.36624241,5056,5077,4985,5216,5037.183738,5080.090718,4992.507627,5229.069679
86.36624241,5020,5061,4997,5237,5037.183738,5080.090718,4992.507627,5229.069679
86.42024207,5077,5052,5013,5197,5041.488677,5056.893034,4988.022598,5205.334567
86.43424416,5037,5033,4977,5245,5033.782143,5063.337389,4995.999226,5204.721119
86.45824289,5064,5036,4976,5216,4950.418571,5068.65619,4999.486917,5206.353583
86.4642458,5013,5053,5013,5204,4682.234917,5073.040095,4988.997238,5207.46231
86.46624255,5021,5065,5012,5193,4971.029833,5062.657024,5006.780833,5204.633119
86.51824236,5032,5073,4973,5213,5039.888174,5088.446099,4991.749938,5200.437034
86.57024312,5016,5064,4972,5228,5056.487139,5073.236123,5002.032413,5201.743671
86.58324289,5065,5097,4985,5225,5056.487139,5073.236123,5002.032413,5201.743671
86.61024404,5072,5041,5013,5193,5032.332381,5073.637909,5000.100622,5212.095281
86.62324262,5012,5049,5005,5229,5026.612667,5074.094714,4998.6505,5210.395167
86.6722436,5064,5037,4984,5232,5029.548316,5060.042568,5006.316333,5168.054038
86.67524409,5073,5028,4989,5204,5029.548316,5060.042568,5006.316333,5168.054038
86.69124246,5045,5097,4993,5232,5040.896929,5061.871702,4999.858381,5146.392129
86.69724226,5016,5041,4996,5228,5040.896929,5061.871702,4999.858381,5146.392129
86.72024584,5037,5032,5017,5233,5023.133607,5050.866917,4991.222762,5197.970512
86.73524213,5069,5048,5017,5213,5018.265571,5080.448556,4990.055095,5213.644762
86.78324342,5049,5089,5009,5217,5018.734119,5066.493714,4992.555643,5191.825801
86.79224277,5017,5068,5005,5221,5037.407381,5060.025262,4982.104607,5223.714405
86.81792688,5056,5057,4984,5221,5039.278905,5065.274833,4985.937143,5199.407643
86.81992722,5061,5057,4997,5200,5046.534333,5042.787,5000.478833,5210.691333
86.89892745,5065,5049,5004,5196,5051.142522,5069.55125,4993.792595,5214.050476
86.92592692,5040,5076,5005,5229,5055.813145,5063.827571,4986.137143,5223.297667
86.98044372,5053,5056,4985,5224,5030.422595,5078.501944,5002.211667,5207.370591
86.9844439,5021,5097,5001,5224,5030.422595,5078.501944,5002.211667,5207.370591
87.02744627,5061,5057,5005,5205,5022.334,5080.460667,4993.562262,5222.571
87.04744601,5009,5049,4992,5205,5041.678429,5043.478,4969.791524,5184.39619
87.04844522,5020,5057,4976,5228,5041.678429,5043.478,4969.791524,5184.39619
87.12697053,5036,5045,4989,5217,5022.791,5068.96,4985.368,5225.788167
87.16195893,5053,5093,4984,5225,5047.810833,5081.551667,4996.0675,5214.572333
87.17995763,5036,5104,5000,5205,5036.3295,5074.5315,4986.676,5228.841
87.19695592,5021,5069,4980,5213,5040.787857,5070.930976,4997.503143,5227.901524
87.29795694,5021,5092,4988,5189,5022.0045,5083.375738,4978.492119,5222.587772
87.33095813,5016,5056,4988,5216,5024.4625,5067.989381,4980.96881,5210.753635
87.33596253,5016,5096,4992,5205,5021.808929,5061.376246,4982.393286,5207.556198
87.34196281,5032,5073,5005,5193,5021.808929,5061.376246,4982.393286,5207.556198
87.35196042,4981,5069,5004,5193,4881.487917,5074.251607,4975.115917,5225.052214
87.35895705,4996,5088,5001,5192,4980.364556,5076.928193,4991.119206,5210.13781
87.38295579,4981,5045,4981,5237,4968.258702,5049.600758,4986.12644,5203.501889
87.43295765,4836,5064,4981,5205,4841.430167,5082.717631,4977.51375,5209.809083
87.47095609,4705,5060,4997,5224,4714.178778,5059.93,4982.078,5196.9055
87.4869554,4684,5073,4989,5200,4714.178778,5059.93,4982.078,5196.9055
87.4869554,4693,5060,4977,5193,4714.178778,5059.93,4982.078,5196.9055
87.48895597,4649,5060,4989,5224,4607.927571,5086.410833,4994.886967,5214.682369
87.55696011,4456,5116,4972,5216,4432.633167,5089.775405,4984.019548,5210.499833
87.59895587,4345,5116,5016,5236,4321.256746,5091.617234,5001.660635,5217.574484
87.6200664,4224,5113,4972,5212,4393.857984,5084.710887,4993.552048,5212.376018
87.6370666,4220,5065,4997,5233,4325.069131,5090.027739,4996.15725,5215.492298
87.690274,4153,5061,4992,5208,4536.216405,5089.679056,5002.875788,5210.019867
87.73792362,4032,5109,4993,5193,4067.608536,5081.798238,4985.013333,5218.608
87.74392581,4020,5064,4992,5196,4119.5825,5101.5227,4992.906333,5223.161
87.74793863,4017,5036,4888,5085,4119.5825,5101.5227,4992.906333,5223.161
87.79547763,4000,5105,5008,5224,4057.142746,5071.313311,5006.671889,5204.207417
87.8104794,3997,5068,5017,5193,4035.564833,5077.942833,4989.578167,5232.2785
87.84247732,4013,5065,5000,5225,4083.175193,5081.329125,4990.587664,5209.57554
87.84247732,3989,5081,4985,5193,4083.175193,5081.329125,4990.587664,5209.57554
87.86447763,4001,5076,4992,5205,3997.598,5083.712667,5003.618,5210.036
87.90447783,3997,5056,5017,5225,3988.392012,5087.742027,5002.82612,5219.060122
87.94547892,4008,5089,5009,5193,3994.135298,5083.679119,4994.495792,5208.507595
87.95350218,3989,5105,4977,5197,3994.135298,5083.679119,4994.495792,5208.507595
87.9654789,4021,5105,4981,5212,4079.165048,5078.428833,5002.656334,5217.484114
88.00147557,4012,5077,4984,5221,4002.4215,5120.0785,4999.9585,5197.044333
88.0154922,3997,5069,5012,5193,4021.570833,5087.516262,5015.388024,5209.033833
88.07147765,4012,5140,5008,5205,3981.254817,5077.03325,5005.611722,5202.192933
88.11947703,3989,5109,4980,5233,4002.074464,5084.872544,4999.767631,5197.098492
88.14647841,4009,5100,4985,5185,3990.936167,5089.583047,4999.76269,5209.533722
88.14747763,4009,5081,4985,5196,3990.936167,5089.583047,4999.76269,5209.533722
88.19047666,3989,5080,5012,5229,4018.387227,5086.307333,5001.443167,5171.34325
88.21984148,3921,5053,4972,5172,3972.642452,5061.371682,5012.356,5223.166476
88.32384253,3908,5088,4980,5208,3885.4765,5086.183167,4995.872357,5203.73
88.36884451,3840,5092,5012,5229,3858.355071,5075.199318,5008.049952,5225.765929
88.3708427,3801,5109,4981,5212,3858.355071,5075.199318,5008.049952,5225.765929
88.37284493,3837,5073,5005,5220,3858.355071,5075.199318,5008.049952,5225.765929
88.43084288,3861,5081,5013,5237,3823.638799,5087.990077,4995.083363,5197.130783
88.43184185,3876,5052,4992,5028,3823.638799,5087.990077,4995.083363,5197.130783
88.46784639,3817,5141,4992,5201,3826.229411,5104.592946,4992.403871,5204.435462
88.59945416,4924,5033,4973,5233,4959.013124,5061.118723,4963.41056,5207.089667
88.65544128,5013,5044,4961,5197,4986.270278,5047.342706,4954.753833,5222.507333
88.65844321,4992,5097,4993,5220,4997.998968,5075.62,4973.867083,5213.802118
88.71444321,5077,5045,4969,5193,5040.14369,5074.41344,4963.342333,5204.710893
88.72844386,5041,5053,4980,5196,5051.743759,5075.990885,4973.645736,5209.369635
88.77144122,5052,5056,4969,5232,5048.969035,5087.736773,4971.524185,5217.101021
88.89149547,5029,5085,4985,5193,5034.779143,5063.637881,4960.665595,5202.974032
88.94249725,5048,5044,4964,5189,5038.393702,5075.87542,4979.095191,5202.53187
89.01149726,5025,5060,4973,5213,5053.316437,5069.226667,4980.741156,5202.585376
89.04950762,5053,5041,5004,5204,5042.673561,5089.262214,4986.519833,5202.769042
89.05249667,5073,5037,4981,5240,5032.214095,5074.703714,4975.548024,5208.792148
89.09849572,5037,5073,4992,5220,5043.345193,5075.455058,4982.995643,5193.516652
89.13149548,5053,5041,4993,5221,5002.2525,5089.315321,4980.178762,5224.602857
89.13149548,5021,5085,4997,5221,5002.2525,5089.315321,4980.178762,5224.602857
89.14450526,5021,5105,5001,5192,5050.03551,5070.885633,4962.298093,5192.923604
89.19819283,5060,5081,4973,5224,5047.977485,5086.092045,4986.652619,5205.962833
89.19919252,5057,5056,4993,5209,5047.977485,5086.092045,4986.652619,5205.962833
89.23019266,5033,5053,5001,5189,5036.270667,5068.895167,4972.036,5212.634643
89.23319268,5020,5092,4968,5216,5036.270667,5068.895167,4972.036,5212.634643
89.24519753,5024,5053,4964,5188,5054.36169,5052.163198,4966.413146,5191.630506
89.2601943,5040,5021,5028,5197,5042.59625,5059.803238,4978.964381,5210.031
89.278198,5053,5081,4993,5213,5028.644333,5051.039545,4972.917417,5210.126167
89.28019285,5048,5108,4972,5200,5028.400786,5066.291333,4980.507561,5189.104131
89.33419418,5025,5088,4965,5189,4983.953036,5090.670333,4977.94475,5220.1
89.33619332,5073,5076,4985,5236,4968.741634,5076.026405,4978.104655,5193.959399
89.34519529,5068,5076,4968,5192,5060.633976,5065.137167,4968.155,5209.2825
89.347193,5049,5076,4973,5220,5060.633976,5065.137167,4968.155,5209.2825
89.36266971,5033,5088,4973,5225,4917.480991,5071.312032,4980.183982,5198.665775
89.38519359,5068,5088,4977,5232,5022.407429,5085.046464,4965.437286,5225.585298
89.38619304,5060,5092,4977,5225,5022.407429,5085.046464,4965.437286,5225.585298
89.38819194,5044,5085,4996,5225,5022.407429,5085.046464,4965.437286,5225.585298
89.40219331,5053,5101,4964,5201,5022.407429,5085.046464,4965.437286,5225.585298
89.4472034,5084,5113,4993,5193,5053.232228,5071.455644,4973.193299,5180.759891
89.44920802,5080,5048,4973,5193,5053.232228,5071.455644,4973.193299,5180.759891
89.47931099,5025,5061,4936,5140,4995.587238,5070.42969,4929.204929,5186.395571
89.5501945,4929,4885,4397,4844,4963.984098,4932.809825,4501.947923,4882.60179
89.58719254,4792,4669,3340,4429,4833.893333,4858.852167,3486.757833,4674.956667
89.60319257,4729,4605,3013,4356,4569.283869,4849.866595,3173.411063,4630.317417
89.62119174,4485,4373,2728,4153,4596.036226,4372.771325,2755.487667,4287.888917
89.64919472,4212,4077,2636,3852,4261.515616,4165.345749,2668.290591,3922.404962
89.66920733,3904,3852,2605,3664,4192.314865,4000.976667,2673.218611,3810.051667
89.6821928,3689,3657,2637,3565,3951.441508,3749.323254,2664.7235,3711.111667
89.69119358,3648,3545,2625,3484,3957.140417,3555.347167,2622.697833,3719.605
89.7128973,3664,3517,2613,3400,3690.531079,3485.508657,2633.069874,3108.544318
89.7131927,3677,3521,2633,3328,3690.531079,3485.508657,2633.069874,3108.544318
89.73919415,3681,3453,2640,2889,3714.216964,3467.51325,2635.629667,2923.155429
89.75419307,3712,3481,2617,2893,3735.053333,3465.8045,2647.715667,2896.780833
89.76720476,3680,3453,2652,2888,3746.049576,3464.264738,2663.585972,2900.876227
89.79638171,3721,3421,2628,2908,3703.924286,3413.373905,2616.414,2831.265429
89.8852911,3688,3409,2616,2916,3727.54131,3432.036111,2625.774,2917.4495
89.89527798,3677,3437,2649,2912,3774.884651,3626.717032,2627.221746,2930.219137
89.92027736,3705,3421,2621,2941,3710.095452,3420.074668,2622.850027,2920.965732
89.95227695,3696,3409,2613,2940,3701.943776,3431.016937,2620.537371,2927.223561
89.99327683,3720,3432,2601,2933,3720.16325,3406.324024,2632.587071,2912.824262
90.01627755,3701,3436,2612,2952,3715.537667,3407.447429,2617.942318,2933.0335
90.02727938,3704,3436,2609,2941,3701.028333,3404.942667,2621.303318,2917.633667
90.0452795,3716,3393,2613,2953,3706.655333,3430.996716,2616.675042,2936.225333
90.14889336,3705,3420,2628,2937,3705.224167,3421.806167,2619.755762,2945.594167
90.14889336,3737,3420,2637,2965,3705.224167,3421.806167,2619.755762,2945.594167
90.15288854,3716,3409,2604,2929,3687.825393,3420.273738,2629.289333,2937.504488
90.22918892,3745,3420,2633,2937,3707.889601,3413.888833,2624.014417,2957.488786
90.23418522,3704,3388,2637,2948,3707.889601,3413.888833,2624.014417,2957.488786
90.23718715,3700,3425,2633,2964,3707.889601,3413.888833,2624.014417,2957.488786
90.25418639,3676,3420,2593,2965,3709.0455,3430.331056,2634.938333,2956.872452
90.26763678,3725,3445,2625,2941,3709.0455,3430.331056,2634.938333,2956.872452
90.27263689,3705,3436,2612,2960,3709.116262,3419.683206,2626.700694,2956.329952
90.30663538,3712,3425,2625,2948,3719.321167,3404.943167,2628.520972,2964.589028
90.31963491,3677,3433,2628,2972,3699.104722,3436.402929,2629.364682,2962.358167
90.36863518,3653,3440,2624,2980,3707.59623,3421.518524,2618.082103,2988.327964
90.36970139,3716,3392,2616,2989,3707.59623,3421.518524,2618.082103,2988.327964
90.51063824,3716,3413,2620,3004,3721.636333,3420.094381,2610.778,3019.3745
90.52945089,3704,3396,2605,3021,3720.523197,3420.551083,2617.8615,3032.0065
90.54243898,3708,3437,2632,3005,3720.523197,3420.551083,2617.8615,3032.0065
90.55843806,3733,3425,2608,2981,3714.349595,3428.202095,2619.685167,3014.330452
90.60567141,3713,3416,2644,2992,3707.284321,3431.653833,2624.256155,3018.659437
90.6175487,3701,3396,2633,3020,3711.023956,3421.052198,2631.845187,3017.186302
90.64554954,3725,3408,2648,3017,3700.743619,3418.61675,2614.271667,3031.988714
90.68254828,3716,3353,2612,2997,3697.286627,3425.180258,2617.219115,3014.19506
90.68554854,3712,3401,2612,3017,3697.286627,3425.180258,2617.219115,3014.19506
90.71654844,3672,3413,2613,3000,3706.573667,3410.3815,2625.332333,3026.647667
90.73554873,3693,3405,2609,3004,3706.573667,3410.3815,2625.332333,3026.647667
90.74554992,3720,3401,2640,3024,3710.619167,3422.677714,2624.940667,3014.310167
90.75056481,3736,3421,2601,3029,3710.619167,3422.677714,2624.940667,3014.310167
90.81656647,3680,3344,2600,2921,3714.689136,3413.247524,2627.547857,3000.642083
90.853549,3717,3444,2637,3020,3696.110556,3413.252222,2615.967381,3022.237619
90.87255049,3677,3396,2640,3004,3700.804167,3419.683833,2623.690667,3011.485
90.88654923,3729,3412,2633,3021,3703.55809,3413.735856,2622.559568,3028.342804
90.91454864,3721,3424,2629,3053,3672.87669,3384.163333,2609.320083,3070.646667
90.93355322,3700,3400,2649,3112,3778.586349,3498.946524,2626.389583,3181.18944
90.97955012,3828,3457,2660,3913,3850.305452,3613.147393,2738.766107,3919.659627
90.99677372,4445,4532,3853,4724,4074.197321,3987.182548,3188.369056,4155.11148
91.01155567,4592,4681,4181,4841,4091.798714,4137.058568,3045.941663,4215.437262
91.03554869,4840,4989,4784,5100,4336.440571,4991.23456,4213.437214,4415.455262
91.05554938,4896,5048,4957,5221,4928.841667,4958.114285,3651.35796,5115.775548
91.08854961,5021,5089,4993,5208,5032.196262,5099.986988,4999.92031,5177.560619
91.12554932,5056,5097,4980,5205,5023.028,5087.779667,4999.036111,5215.783222
91.13856316,5061,5081,4992,5205,5023.028,5087.779667,4999.036111,5215.783222
91.13955092,5056,5072,4957,5229,5023.028,5087.779667,4999.036111,5215.783222
91.15654898,5048,5088,4981,5240,5053.815833,5062.714314,4992.389,5210.545833
91.21854949,5016,5081,4993,5229,5022.259611,5071.934103,4977.294167,5195.392095
91.24555588,5068,5056,4992,5204,5037.583599,5067.475776,4977.084342,5209.51215
91.25454783,5021,5061,4992,5185,5036.149333,5061.651795,4992.839833,5210.652119
91.29555011,5029,5037,4992,5216,5035.711401,5081.367546,4985.731243,5208.639275
91.29654932,5025,5048,5000,5216,5035.711401,5081.367546,4985.731243,5208.639275
91.30155015,5056,5076,4969,5228,5035.711401,5081.367546,4985.731243,5208.639275
91.32755184,5020,5072,5000,5201,5034.887245,5069.041381,4977.491407,5210.083937
91.40780902,5045,5065,4965,5213,5037.471033,5052.832078,4964.642156,5213.577745
91.42781234,5060,5037,5004,5192,5056.598312,5057.224209,4975.340046,5208.206736
91.4288075,5036,5061,4988,5101,5056.598312,5057.224209,4975.340046,5208.206736
91.54980612,5060,5048,4924,5112,5026.75228,5065.428021,4969.216151,5206.408389
91.55180788,5036,5069,4985,5213,5026.75228,5065.428021,4969.216151,5206.408389
91.56780839,5056,5037,4964,5209,5026.75228,5065.428021,4969.216151,5206.408389
91.59880757,5048,5104,4981,5197,5054.532071,5061.588048,4974.11369,5222.437712
91.62580705,5037,5077,4993,5241,5045.290791,5057.230303,4968.82882,5208.148539
91.66782331,5056,5092,4997,5208,5022.463904,5049.488917,4975.887286,5198.792614
91.71680951,5036,5092,4992,5197,5034.893399,5052.73379,4972.922244,5207.016278
91.73380685,5025,5052,4965,5209,5041.036083,5053.544845,4966.587,5200.260306
91.7428143,5012,5037,4992,5217,5049.259643,5054.674794,4977.219198,5223.98377
91.76280713,5048,5093,4996,5196,5042.495027,5065.855893,4980.511087,5208.354599
91.79280806,5069,5052,5029,5208,5031.905611,5077.181307,4984.302818,5218.144663
91.8098073,5077,5053,4993,5224,5031.905611,5077.181307,4984.302818,5218.144663
91.83780861,5073,5112,4964,5216,5050.447917,5077.231714,4967.939333,5199.881432
91.91580653,5072,5084,4992,5221,5034.802257,5073.333366,4971.322559,5211.057362
91.92580795,5012,4937,4929,5256,4876.837123,5057.120083,4953.514243,5083.563607
91.94280815,5021,4965,4817,5109,4960.019872,5057.000333,4908.96,5116.013628
92.02781057,4693,4517,3801,4597,4832.568212,4710.494886,4263.945014,4821.63545
92.04581118,4633,4448,3400,4436,4779.906106,4575.591277,3312.04181,4490.031488
92.0465734,4653,4413,3292,4372,4779.906106,4575.591277,3312.04181,4490.031488
92.12180686,3693,3573,2640,3173,3855.458492,3778.224915,2622.320905,3176.733796
92.14782429,3724,3520,2604,3189,3699.795333,3515.539333,2639.429917,3246.834333
92.18480682,3724,3437,2620,3189,3698.495333,3488.972667,2650.076667,3281.118202
92.25580835,3697,3473,2612,3204,3707.521084,3455.271161,2621.427514,3213.995491
92.26080775,3708,3448,2601,3217,3707.521084,3455.271161,2621.427514,3213.995491
92.26181197,3736,3445,2616,3229,3709.018179,3443.437198,2617.042,3226.150341
92.26880765,3689,3428,2628,3208,3704.562825,3436.314976,2649.0915,3211.358988
92.2958076,3740,3421,2644,3225,3709.889263,3422.63503,3593.154901,3281.663811
92.30980706,3740,3441,2640,3216,3701.609476,3436.594051,2613.940404,3219.553697
92.42880917,3697,3416,2597,3225,3707.640427,3418.23006,2623.190809,3218.585923
92.44780779,3696,3412,2604,3244,3714.639524,3386.303611,2608.783,3177.395381
92.4528091,3717,3456,2612,3229,3699.247556,3418.399571,2632.569604,3217.746881
92.47980857,3685,3445,2604,3213,3713.214083,3410.014111,2617.39975,3233.143833
92.50682116,3728,3441,2592,3208,3698.945262,3414.720694,2618.277643,3225.68756
92.51780605,3685,3409,2632,3200,3710.204111,3510.7935,2618.35125,3268.098452
92.5208323,3729,3400,2605,3248,3710.204111,3510.7935,2618.35125,3268.098452
92.5358088,3713,3409,2640,3232,3754.498381,3431.85597,2636.053548,3264.030845
92.55580759,3716,3429,2645,3205,3689.762889,3414.510024,2623.352984,3219.68946
92.57938623,3721,3441,2637,3237,3692.3635,3418.849417,2616.244,3232.1755
92.5808084,3725,3428,2629,3241,3692.3635,3418.849417,2616.244,3232.1755
92.63782215,3717,3393,2597,3237,3704.578191,3423.246667,2622.846111,3226.271436
92.84780836,3724,3397,2621,3825,3732.222783,3422.401256,2660.04605,4062.643331
92.85580707,3661,3448,2657,4132,3732.222783,3422.401256,2660.04605,4062.643331
92.85680676,3725,3432,2681,4265,3732.222783,3422.401256,2660.04605,4062.643331
92.8808074,3921,3508,2756,4533,3991.017833,3559.952462,2959.808667,4498.886954
92.88180709,3992,3640,2844,4612,4016.355833,3762.750929,3010.398929,4637.84619
92.89180756,4244,4089,3696,4817,4327.593667,4316.178881,3510.2015,4718.25919
92.95050859,4940,5024,4937,5229,4895.385886,4955.026819,4899.954405,5189.997899
92.97350311,5017,5073,5001,5245,4895.385886,4955.026819,4899.954405,5189.997899
92.98150229,4988,5113,4989,5208,5010.399405,4828.828,4796.683646,4928.317286
92.9995048,5041,5037,4993,5240,5026.081,5036.35,5003.94,5213.715167
93.02851152,5013,5064,4992,5201,5028.643524,5052.588667,4984.25069,5202.985571
93.03750205,5045,5052,4961,5241,5028.643524,5052.588667,4984.25069,5202.985571
93.0595026,5033,5081,5004,5220,5031.268726,5069.231116,4980.493774,5220.313619
93.08250308,4977,5061,4977,5193,5054.574234,5062.422864,4971.736084,5218.625281
93.16550279,5080,5069,4992,5208,5034.479669,5063.086809,4972.62492,5226.024413
93.16750336,5056,5076,4973,5200,5034.479669,5063.086809,4972.62492,5226.024413
93.18550563,5040,5061,4984,5193,5035.557556,5095.628877,4993.123905,5215.663099
93.19950652,5001,5093,4953,5224,5026.225286,5077.103524,4993.836393,5223.170202
93.24914885,5076,5060,4985,5237,5060.24675,5089.320333,4978.795083,5202.850583
93.27815437,4997,5049,5001,5220,5020.707802,5071.555762,4974.770929,5100.294929
93.28914976,5073,5032,5001,5201,5067.438643,5088.695381,4988.395857,5224.857238
93.33916426,5056,5097,4952,5193,5049.05175,5062.996429,4979.118722,5215.96225
93.4251492,5073,5104,4969,5225,5036.397083,5063.607417,4973.736571,5238.295
93.46815085,4992,5089,4965,5220,5026.519485,5054.180417,4978.756667,5220.217333
93.47214913,5004,5101,4996,5208,5026.519485,5054.180417,4978.756667,5220.217333
93.47916579,5061,5077,4992,5177,5057.807,5042.174167,4958.873333,5225.577667
93.53192687,5069,5025,4993,5216,5047.493667,5034.953667,4992.739333,5188.578
93.54392934,5013,5053,4989,5244,5032.245607,5082.066905,4989.468238,5224.032036
93.62892747,5093,5060,5005,5205,5016.599762,5056.7755,4971.052405,5206.760476
93.63092661,5009,5081,4965,5241,5016.599762,5056.7755,4971.052405,5206.760476
93.63392591,5001,5109,4993,5201,5016.599762,5056.7755,4971.052405,5206.760476
93.64092684,5005,5085,4957,5228,5064.415667,5074.897833,4982.798484,5216.159143
93.64992666,5012,5100,4976,5196,5043.65975,5071.258333,4978.767517,5219.630563
93.67092752,5032,5053,4973,5217,5054.972929,5072.846282,4971.929042,5223.894786
93.70192719,5024,5041,5001,5248,5053.553079,5061.736409,4968.746536,5217.820833
93.73390269,5016,5037,4973,5189,5015.732321,5071.620695,4966.875758,5230.49569
93.7459054,5017,5093,4936,5225,5032.832945,5036.071692,4981.567659,5206.541837
93.761904,5004,5112,4976,5217,5023.690135,5072.238539,4951.411738,5216.964476
93.81190395,5057,5097,4948,5193,5026.726921,5071.653789,4987.452408,5205.65384
93.85291004,5057,5093,5004,5229,5055.454684,5076.681667,4989.464531,5219.926093
93.85390377,5073,5045,4936,5205,5055.454684,5076.681667,4989.464531,5219.926093
93.86490655,5060,5064,4996,5229,5038.776152,5076.991944,4990.049882,5218.481469
93.88390303,5048,5108,4988,5201,5037.637607,5043.154381,4974.408667,5239.456667
93.94390345,5068,5056,4948,5216,5047.080998,5072.567094,4977.071654,5225.794412
93.98190236,5049,5061,4941,5209,5013.182429,5071.879643,4970.170238,5213.483905
93.98790312,4996,5077,4960,5188,5013.6975,5032.625,4998.826417,5210.222333
94.0349102,5049,5040,4960,5181,5037.513667,5088.760397,4989.673881,5224.687303
94.0479033,5081,5109,4981,5237,5011.625333,5056.038905,4993.551095,5210.152167
94.08090329,5068,5060,5001,5192,5035.068479,5051.494706,4973.155442,5215.511633
94.08090329,5056,5076,4949,5185,5035.068479,5051.494706,4973.155442,5215.511633
94.08990288,5025,5109,4988,5236,5026.933526,5058.324063,4979.305767,5219.33732
94.1239028,5037,5029,4981,5200,5038.119326,5072.76151,4963.967618,5231.093922
94.14791346,5008,5105,4985,5228,5040.64272,5064.269241,4950.53219,5221.329492
94.15090346,5080,5060,4957,5188,5040.64272,5064.269241,4950.53219,5221.329492
94.17090416,5021,5044,4992,5237,5022.950167,5099.874167,4976.620333,5212.783548
94.1809051,4969,5009,4957,5208,5009.754738,5056.196333,4979.563167,5198.515286
94.2495811,5077,5041,4973,5200,5033.342667,5091.228778,4967.332333,5220.912667
94.27358198,5076,5044,4948,5213,5036.020056,5076.756714,4978.031024,5220.03631
94.28758049,5016,5076,4989,5204,5040.49119,5080.588333,4978.734833,5218.0885
94.30358171,5045,5028,5005,5192,5016.379833,5039.308333,4969.081413,5224.897833
94.3065815,5113,5052,4957,5232,5016.379833,5039.308333,4969.081413,5224.897833
94.32713246,5013,5096,4965,5180,5054.082421,5057.865576,4969.645222,5219.522927
94.35913372,5036,5093,4944,5220,5045.322165,5090.275055,4956.842766,5230.531545
94.43113327,5005,5077,4993,5245,5047.007952,5079.155847,4976.703069,5223.262796
94.52313304,5000,5093,4984,5197,5053.545,5067.629881,4988.899345,5212.486845
94.52813578,5061,5108,4984,5236,5053.545,5067.629881,4988.899345,5212.486845
94.53113532,5013,5081,4996,5188,5013.103833,5086.58469,4966.884048,5231.687238
94.55313301,5041,5100,4961,5248,5066.595667,5079.854952,4935.188143,5220.82769
94.56713295,5012,5032,4969,5233,5033.025333,5058.938667,4968.485686,5207.730214
94.56813455,5065,5089,4973,5196,5033.025333,5058.938667,4968.485686,5207.730214
94.6711328,5005,5045,4976,5188,5033.719286,5068.427452,4959.71467,5231.985107
94.69213271,5069,5024,4953,5240,5028.213015,5051.024403,4979.086118,5213.248036
94.70013261,5020,5081,4981,5193,5027.248372,5055.817452,4971.104231,5214.647822
94.70013261,5028,5041,4952,5236,5027.248372,5055.817452,4971.104231,5214.647822
94.70613289,5037,5032,5004,5236,5050.650183,5059.603762,4977.94409,5216.090659
94.75913382,5069,5021,5004,5248,5019.363179,5056.101512,4990.335345,5230.746036
94.76513362,5001,5012,4961,5208,5019.363179,5056.101512,4990.335345,5230.746036
94.78013515,5053,5073,4969,5249,5032.552161,5056.826444,4975.28217,5203.705988
94.78713322,5073,5096,4980,5236,5031.771495,5061.399909,4978.059048,5222.540746
94.88413262,5000,5064,4960,5205,5045.027,5070.277,4959.161333,5192.420667
94.8851316,5080,5045,4980,5197,5045.027,5070.277,4959.161333,5192.420667
94.91413283,5000,5045,5005,5232,5017.208,5051.550333,4964.466667,5195.806667
94.9161334,5069,5101,4945,5225,5017.208,5051.550333,4964.466667,5195.806667
94.93313265,5052,5048,4972,5241,5013.354,5050.112,4983.2175,5197.385833
94.96513271,5017,5096,4949,5233,5016.155667,5034.923167,4973.3605,5206.176667
95.00413275,5053,5093,4997,5224,5038.763667,5067.490667,4976.75,5207.087071
95.01813436,5005,5073,5004,5189,5003.39,5072.872381,4995.3375,5198.548571
95.04013252,5052,5061,4969,5180,5055.143636,5093.716937,4991.783333,5224.611944
95.07415438,5076,5089,4960,5233,5049.720079,5061.501968,4981.08081,5208.447508
95.08113432,5001,5045,4956,5236,5049.720079,5061.501968,4981.08081,5208.447508
95.11327577,5060,5108,4984,5185,5061.770167,5049.250333,4975.40525,5195.255333
95.12113476,5057,5092,4997,5200,5052.527095,5055.091167,4990.5515,5203.058139
95.13113284,5045,5025,4988,5237,5040.307108,5056.729056,4978.532875,5212.265833
95.14213276,5045,5032,4957,5232,5039.183555,5053.674079,4979.391917,5208.05419
95.19313288,5009,5048,4996,5241,5037.347587,5065.962924,4971.096361,5217.227541
95.25992298,5068,5028,4992,5236,5023.561388,5073.774372,4962.294031,5227.923341
95.26492238,5084,5037,4948,5189,5023.561388,5073.774372,4962.294031,5227.923341
95.26646399,5080,5057,4965,5221,5023.561388,5073.774372,4962.294031,5227.923341
95.26646399,5017,5096,4992,5193,5023.561388,5073.774372,4962.294031,5227.923341
95.28143287,5009,5109,5001,5213,5023.4,5045.966333,4976.442,5222.085
95.31743932,5049,5020,4945,5201,5062.491667,5058.16,4986.3725,5209.209794
95.32743073,5009,5069,4992,5185,5041.655556,5085.739222,4962.06381,5214.587778
95.32843137,5081,5037,4949,5225,5041.655556,5085.739222,4962.06381,5214.587778
95.33043075,5008,5101,4981,5184,5041.655556,5085.739222,4962.06381,5214.587778
95.34943008,5057,5020,4973,5248,5029.066667,5087.6675,4983.760143,5203.76725
95.35043335,5029,5041,4981,5221,5029.066667,5087.6675,4983.760143,5203.76725
95.37144613,5052,5041,4948,5192,5046.33,5081.079167,4980.85,5219.429
95.37743139,5044,5048,4953,5192,5050.567429,5056.336714,5004.239175,5204.178381
95.41542983,5024,5057,5016,5248,5027.9925,5055.904381,4973.72625,5211.1365
95.43143249,5073,5101,5016,5204,5042.499524,5102.124667,4970.021571,5223.329476
95.44043303,5008,5061,4969,5233,5042.499524,5102.124667,4970.021571,5223.329476
95.44543767,5012,5036,4984,5248,5042.499524,5102.124667,4970.021571,5223.329476
95.45043135,5001,5116,4941,5193,5055.433667,5054.641333,4971.46881,5211.5755
95.4614327,5076,5049,4960,5244,5045.161056,5069.9995,4980.601083,5218.431106
95.48243117,5028,5029,4984,5184,5022.930444,5120.301833,4987.666667,5223.560619
95.48443604,5057,5097,4997,5213,5022.930444,5120.301833,4987.666667,5223.560619
95.50043058,5032,5097,5001,5196,5042.916889,5076.7945,4979.072667,5218.159024
95.5054388,5009,5088,5001,5248,5037.490833,5075.329524,4980.102714,5214.200556
95.57943487,5005,5097,5005,5201,5055.632762,5071.131714,4959.98,5218.028286
95.58644557,5081,5032,4952,5217,5039.412159,5068.337254,4974.358587,5214.060333
95.58843064,5041,5053,4961,5213,5039.412159,5068.337254,4974.358587,5214.060333
95.59442973,5005,5036,5013,5197,5039.412159,5068.337254,4974.358587,5214.060333
95.65807104,5048,5093,5009,5209,5055.331333,5071.577333,4965.347833,5215.648345
95.66107416,5008,5036,4969,5248,5055.331333,5071.577333,4965.347833,5215.648345
95.69507313,5032,5016,4948,5241,5038.514611,5064.207889,4973.5365,5235.999667
95.72911191,5001,5072,4953,5233,5039.278214,5057.493833,4969.362333,5196.891905
95.75212479,5041,5045,4993,5213,5005.267,5054.85275,4961.79,5227.3365
95.83511329,5072,5032,4997,5212,5038.754131,5038.0005,4985.818571,5222.534333
95.83811522,5069,5049,4973,5248,5030.994921,5044.419952,4978.296452,5220.5625
95.8981123,5080,5105,4985,5244,5026.288833,5067.422143,4964.609167,5209.538542
95.92711115,5049,5073,5001,5192,5022.217167,5082.2775,4966.829405,5220.714
95.96511126,5025,5065,4989,5225,5028.411857,5025.001333,4972.914214,5213.57681
96.00411201,5057,5020,4965,5225,5050.944571,5053.72931,4955.575071,5227.360429
96.01411271,5077,5069,4992,5241,5053.6385,5055.632048,4972.942917,5214.059667
96.01811194,5004,5093,4949,5248,5054.166119,5068.864048,4968.050028,5212.573833
96.06011152,5009,5068,5009,5193,5069.317786,5054.291667,4992.728167,5201.50875
96.07411098,5004,5116,4948,5236,5051.278071,5074.73931,4981.5025,5217.988
96.10411119,5012,5001,4901,5244,5055.155333,5041.789333,4954.1855,5199.292667
96.19110775,5081,5084,4940,5248,5037.9015,5067.839738,4977.747667,5214.403167
96.19210696,5061,5088,5000,5241,5010.089667,5087.658524,4960.723,5207.030833
96.19711041,5016,5072,4965,5212,5010.089667,5087.658524,4960.723,5207.030833
96.21511316,5049,5100,4957,5249,5055.389905,5065.781833,4976.286,5215.674833
96.21810985,5013,5097,4961,5209,5061.805738,5085.027833,4977.586833,5217.0355
96.22310781,5004,5036,4993,5233,5052.770071,5080.501833,4972.543214,5214.521548
96.24210763,4993,5097,4988,5188,5024.026762,5050.315095,4957.724238,5230.080881
96.29066324,4997,5104,5005,5189,5034.018333,5082.0025,4977.706833,5229.715288
96.33766484,5073,5044,5005,5224,5019.7535,5040.776167,4982.772,5237.388333
96.41566372,5053,5028,4992,5196,5033.685425,5054.796901,4960.91304,5194.494829
96.41666818,5021,5041,4960,5209,5033.685425,5054.796901,4960.91304,5194.494829
96.47566319,5061,5073,4993,5201,5028.944052,5070.476857,4969.279762,5212.823905
96.48866224,5021,5072,4992,5232,5043.98544,5068.428015,4966.001924,5215.550333
96.49866414,5001,5021,4948,5181,5023.196,5050.32254,4978.472833,5231.8095
96.51166582,4993,5089,4952,5229,5021.345179,5059.521214,4987.453548,5216.420929
96.55470729,5012,5113,4945,5249,5046.689667,5058.48,4998.739,5188.104
96.60970736,5009,5037,4996,5220,5060.930278,5085.210476,4987.04719,5188.505
96.61370778,5049,5105,4952,5192,5011.681786,5074.740397,4979.347905,5202.338008
96.66770697,5065,5069,5013,5237,5044.488643,5065.66881,4974.955167,5209.122167
96.67670798,5029,5044,4996,5248,5050.170833,5073.677,4981.726333,5209.636333
96.68270898,5076,5093,4960,5240,5042.557143,5086.611,4968.883833,5212.177667
96.70670724,5029,5109,4945,5197,5033.581595,5073.898833,4983.315333,5212.279167
96.71470881,5068,5045,5005,5205,5029.680357,5064.778071,4956.969643,5218.213833
96.7203598,5004,5092,5005,5196,5029.680357,5064.778071,4956.969643,5218.213833
96.77836132,5032,5089,4973,5200,5044.962396,5066.566667,4976.261484,5211.864063
96.81036139,5084,5105,4984,5209,5029.299306,5048.915881,4970.08877,5210.012746
96.85135961,5060,5105,4985,5192,5042.796238,5081.525095,4973.343881,5204.909833
96.97510433,5033,5036,4961,5228,5026.108179,5045.48044,4982.962083,5202.285619
96.97959089,5084,5097,4992,5193,5026.108179,5045.48044,4982.962083,5202.285619
96.98457742,5053,5080,4960,5200,5026.108179,5045.48044,4982.962083,5202.285619
96.99658394,5013,5036,4969,5204,5038.929546,5071.90353,4984.28819,5214.371083
97.01627803,5024,5052,4956,5212,5037.271,5081.212667,4979.282778,5197.291222
97.0282836,5029,5033,4956,5213,5037.271,5081.212667,4979.282778,5197.291222
97.06857204,5057,5084,4997,5232,5028.298014,5066.04146,4969.917467,5206.72269
97.08157349,5041,5044,4976,5200,5035.117476,5057.048595,4979.663167,5208.51506
97.1189189,5013,5069,4976,5217,5019.733524,5079.146762,4976.814857,5210.663381
97.13691831,5072,5104,4964,5229,5034.59419,5070.329558,4977.579196,5211.506343
97.14091825,5061,5109,4956,5189,5028.378599,5066.019543,4972.266959,5186.477186
97.16391897,5041,5093,4952,5241,5022.393452,5042.125921,4958.67027,5171.293091
97.16491842,5016,5096,4973,5236,5022.393452,5042.125921,4958.67027,5171.293091
97.18092036,5044,5109,4997,5205,5029.738516,5078.92319,4963.6945,5208.293672
97.18492365,5052,5076,4997,5189,5038.590134,5058.54103,4967.584881,5198.25973
97.19191813,5016,5028,4957,5241,5038.709384,5056.902999,4972.637889,5197.926806
97.25995255,5021,5036,4976,5225,5040.715453,5081.90627,4971.844216,5198.89701
97.26197147,5048,5096,4977,5220,5040.715453,5081.90627,4971.844216,5198.89701
97.26197147,5048,5036,4981,5240,5040.715453,5081.90627,4971.844216,5198.89701
97.26495409,5005,5093,5001,5244,5040.715453,5081.90627,4971.844216,5198.89701
97.26695347,5037,5068,4992,5197,5040.715453,5081.90627,4971.844216,5198.89701
97.2919538,5005,5037,4984,5196,5000.552,5055.466824,4952.748667,5198.420417
97.38295412,5053,5085,4988,5217,5054.9863,5091.842876,4978.676705,5209.028873
97.38695359,5036,5053,4953,5225,5054.9863,5091.842876,4978.676705,5209.028873
97.38695359,5049,5061,4949,5196,5054.9863,5091.842876,4978.676705,5209.028873
97.42695808,5004,5049,4948,5189,5021.49731,5064.942437,4984.378262,5214.568512
97.50695348,5009,5072,4961,5256,5053.509202,5061.458466,4981.809554,5210.981619
97.53595161,5065,5008,4965,5193,5020.69916,5053.407009,4963.097211,5221.204139
97.54395556,5033,5084,4977,5237,5038.639405,5056.068774,4974.687637,5217.424702
97.59595466,5064,5084,4969,5240,5039.7045,5051.503596,4967.825701,5204.564946
97.64395428,5056,5093,4957,5196,5052.2995,5089.724476,4992.814056,5209.85248
97.66495132,5033,5096,4973,5225,5049.152087,5069.022571,4965.553238,5209.378214
97.69595337,5065,5041,4988,5197,5039.371331,5070.506184,4972.858756,5220.027275
97.7029531,5065,5073,4973,5212,5044.987862,5072.410151,4975.923409,5212.594786
97.81995249,5049,5089,4997,5236,5042.753899,5070.50787,4978.845535,5214.957376
97.82795596,4996,5068,4949,5208,5042.753899,5070.50787,4978.845535,5214.957376
97.85695314,5068,5052,4972,5237,5030.679583,5050.732341,4991.649405,5196.904274
97.89633775,5028,5024,4949,5241,5041.2015,5041.86,4990.706667,5206.9985
97.94833684,5069,5033,5004,5204,5034.372976,5044.275595,4980.00069,5200.263
97.986341,5048,5089,4977,5229,5051.305492,5069.67873,4984.851095,5229.04073
98.01433969,5072,5077,4973,5245,5036.079738,5064.833619,4993.771786,5215.88525
98.04734755,5080,5057,4981,5220,5026.940631,5059.009268,4979.068644,5210.958479
98.05634332,5016,5108,4956,5213,5026.940631,5059.009268,4979.068644,5210.958479
98.09307361,5004,5065,5001,5229,5042.218833,5095.764667,4986.472,5216.781417
98.13268828,5020,5057,4989,5201,5046.042952,5060.02619,4981.737203,5203.517786
98.13368821,5052,5084,4992,5224,5046.042952,5060.02619,4981.737203,5203.517786
98.13868904,5012,5052,4992,5221,5051.857083,5049.056571,4977.259333,5104.988667
98.1646893,5021,5052,5005,5217,5041.207298,5052.137131,4977.722119,5202.681504
98.18368816,5045,5049,4945,5229,5044.505048,5054.431667,4984.482167,5200.932464
98.18868852,5056,5057,4973,5192,5037.467,5084.04,4950.563595,5229.85
98.19868922,5072,5032,4977,5217,5037.467,5084.04,4950.563595,5229.85
98.24069691,5005,5092,5000,5248,5036.922401,5081.674177,4991.082638,5214.471687
98.25068831,5049,5072,4992,5224,5036.922401,5081.674177,4991.082638,5214.471687
98.26833844,5089,5033,4956,5240,5064.571706,5073.884273,4987.929995,5195.952508
98.28033805,5072,5025,4972,5192,5045.48881,5052.285536,4985.169202,5204.003214
98.28833747,5037,5104,4965,5173,5045.36881,5075.865952,4992.405262,5225.583333
98.3123405,5072,5065,5004,5233,5054.5395,5087.604833,4976.19,5237.365333
98.32289791,5053,5109,4969,5192,5051.826095,5088.768929,4965.34,5214.652917
98.34089851,5060,5136,4989,5237,5048.536881,5074.039417,4984.280167,5218.979226
98.34890008,5072,5068,4997,5221,5025.773476,5047.858917,4984.759548,5213.655619
98.4478991,5016,5101,4992,5233,5037.741361,5063.570821,4976.212056,5200.054119
98.4478991,5077,5101,4980,5237,5037.741361,5063.570821,4976.212056,5200.054119
98.45789886,5064,5064,4980,5201,5037.741361,5063.570821,4976.212056,5200.054119
98.46761084,5057,5104,4965,5220,5037.741361,5063.570821,4976.212056,5200.054119
98.4856081,5065,5048,4981,5212,5051.038333,5017.759167,4983.496333,5201.408571
98.49160814,5009,5056,4996,5200,5027.815476,5021.11506,4989.881429,5194.847024
98.52117682,5021,5065,5001,5192,5052.63169,5058.095333,4964.102667,5223.030972
98.52517724,5044,5052,4980,5241,5016.857357,5060.031714,4991.144512,5221.915286
98.54518056,5080,5025,4965,5208,5037.649079,5040.498254,4994.915571,5223.617484
98.63034487,5045,5112,4957,5189,5028.118,5068.0715,4975.322857,5188.440429
98.63534522,5013,5028,4989,5200,5028.118,5068.0715,4975.322857,5188.440429
98.66934228,5020,5084,5009,5209,5043.279242,5063.933893,4982.137757,5197.744868
98.68234277,5040,5045,4996,5217,5050.368116,5062.459726,4990.049059,5197.102483
98.69134235,5064,5024,5001,5220,5017.805833,5083.167961,4972.007638,5195.1144
98.69672418,5057,5089,4992,5220,5034.833284,5064.892706,4977.995503,5204.947667
98.72834492,5021,5037,4996,5241,5038.021726,5077.005095,4957.515317,5183.875782
98.76534867,5073,5049,4957,5189,5037.892251,5067.288369,4987.430266,5223.666652
98.79737878,5060,5080,4972,5236,5015.505417,5065.544944,4989.415212,5198.668577
98.80434275,5012,5108,4997,5221,5031.732905,5117.592167,4981.501974,5229.980952
98.82234263,5057,5084,4953,5205,5026.757667,5078.590833,4977.6995,5220.1635
98.85534954,5036,5056,4981,5221,5049.572536,5055.327379,4976.465369,5204.173448
98.85934234,5060,5052,4964,5228,5052.829571,5045.444286,4961.31619,5210.78
98.88034415,5064,5072,4976,5209,5042.026714,5053.595333,4977.074381,5201.244333
98.92134309,5001,5101,4984,5196,5058.607714,5082.987833,4970.977143,5221.785944
99.00234318,5077,5076,4997,5205,5046.038886,5045.899464,4972.707418,5208.413744
99.00434303,5052,5096,4972,5233,5046.038886,5045.899464,4972.707418,5208.413744
99.05834317,5077,5036,4981,5232,5051.104142,5070.218321,4975.975532,5208.444534
99.08234191,5012,5053,4976,5209,5035.432119,5048.095689,4982.710056,5223.338583
99.08334184,5029,5085,4968,5189,5035.432119,5048.095689,4982.710056,5223.338583
99.14668393,5020,5104,4973,5220,5015.346881,5046.858286,4977.885399,5226.083464
99.17268467,5036,5024,4992,5176,5031.47719,5064.497381,4971.482183,5215.19398
99.24168587,5044,5053,4984,5196,5048.78,5052.124667,4970.53,5209.375524
99.26268625,5041,5052,4969,5241,5029.334,5037.536,4984.219583,5197.218667
99.27869225,5077,5097,4981,5232,5071.401714,5089.957286,4989.269381,5210.421762
99.29168558,5025,5036,4981,5248,5042.388,5061.63,4962.614667,5173.938667
99.30868888,5060,5060,4992,5217,5037.548045,5068.134286,4962.984,5174.327619
99.32268596,5020,5028,4976,5220,5065.6375,5085.955667,4956.964667,5209.827619
99.34569144,5085,5077,4985,5225,5039.439119,5083.861333,4961.854333,5216.1865
99.34968591,5032,5024,4992,5228,5039.439119,5083.861333,4961.854333,5216.1865
99.36268663,5044,5024,4988,5229,5052.901905,5085.292857,4955.659,5223.623167
99.36669302,5064,5105,4964,5224,5042.2175,5072.981,4960.672881,5182.721
99.43842411,5036,5104,4956,5237,5024.738869,5083.357139,4982.669052,5220.142833
